problem,dim,method,seed,budget,kappa,success,first_feasible,best_f,final_ncv,declared_cost,structural_gain,allocation_sd,rcd,action_entropy,action_counts
Annulus10,10,DCAS-noClosure,0,400,1.0,1,127,-0.01845156873308279,0.0,415.41105917311916,70.1970479762875,0.12017127911041132,0.31980975546192936,1.3519255653052318,"{""rand1"": 62, ""pbest"": 76, ""closure"": 0, ""local"": 97, ""consensus"": 125}"
Annulus10,10,DCAS-noClosure,1,400,1.0,1,134,0.14961435263138181,0.0,412.18283506222764,61.072932973632255,0.11325075405976164,0.6894050033806625,1.3686210687770943,"{""rand1"": 69, ""pbest"": 78, ""closure"": 0, ""local"": 107, ""consensus"": 106}"
Annulus10,10,DCAS-noClosure,2,400,1.0,1,82,-0.10104740014887012,0.0,410.21099045670235,73.90089622044391,0.11387411426600133,0.24483516483516485,1.3625134535848662,"{""rand1"": 64, ""pbest"": 79, ""closure"": 0, ""local"": 112, ""consensus"": 105}"
Annulus10,10,DCAS-noClosure,3,400,1.0,1,91,-0.2122447999825903,0.0,411.22049574085673,67.16117257831512,0.119041255814284,0.19151515151515153,1.3559728712542005,"{""rand1"": 67, ""pbest"": 69, ""closure"": 0, ""local"": 110, ""consensus"": 114}"
Annulus10,10,DCAS-noClosure,4,400,1.0,1,164,0.13381052229480767,0.0,415.9306654012471,69.22535694229992,0.12351045986799429,0.5861587301587302,1.347462789275225,"{""rand1"": 63, ""pbest"": 70, ""closure"": 0, ""local"": 101, ""consensus"": 126}"
Annulus10,10,DCAS-noClosure,5,400,1.0,1,142,0.22666533629882393,0.0,412.3897774717532,58.80088830685189,0.12781682940478867,0.27070718201854244,1.3367457470509965,"{""rand1"": 53, ""pbest"": 75, ""closure"": 0, ""local"": 125, ""consensus"": 107}"
Annulus10,10,DCAS-noClosure,6,400,1.0,1,138,-0.0311634409463937,0.0,413.2723610521751,67.14686477538748,0.12489236968073307,0.4972222222222221,1.349445773897342,"{""rand1"": 59, ""pbest"": 74, ""closure"": 0, ""local"": 113, ""consensus"": 114}"
Annulus10,10,DCAS-noClosure,7,400,1.0,1,112,-0.005545006033414818,0.0,410.7410072368882,64.33841660691873,0.11807561762499194,0.7458757616652354,1.3575870040098341,"{""rand1"": 64, ""pbest"": 74, ""closure"": 0, ""local"": 114, ""consensus"": 108}"
Annulus10,10,DCAS-noClosure,8,400,1.0,1,46,0.192036694999641,0.0,409.6386468418811,60.05594969310263,0.11118780301619544,0.20675324675324674,1.3636588854520164,"{""rand1"": 64, ""pbest"": 80, ""closure"": 0, ""local"": 107, ""consensus"": 109}"
Annulus10,10,DCAS-noClosure,9,400,1.0,1,157,0.4604141529639121,0.0,406.16176459178797,68.57768694995286,0.12991302298521754,0.38826924348995656,1.3477615806092742,"{""rand1"": 61, ""pbest"": 85, ""closure"": 0, ""local"": 131, ""consensus"": 83}"
Annulus10,10,DCAS-noClosure,10,400,1.0,1,124,-0.14638240451354284,0.0,408.2607588524806,67.70021920550889,0.12071404648139081,0.22777222777222778,1.3583684773793894,"{""rand1"": 68, ""pbest"": 75, ""closure"": 0, ""local"": 124, ""consensus"": 93}"
Annulus10,10,DCAS-noClosure,11,400,1.0,1,134,0.506228628270413,0.0,407.49747020446955,56.86515483685395,0.130494437049266,0.5548836784130902,1.3494471338292182,"{""rand1"": 74, ""pbest"": 63, ""closure"": 0, ""local"": 128, ""consensus"": 95}"
Annulus10,10,DCAS-noClosure,12,400,1.0,1,192,0.1689695256276284,0.0,411.3415335214386,65.65661402641034,0.11607978041830358,0.4334232902647225,1.3598247066478306,"{""rand1"": 61, ""pbest"": 83, ""closure"": 0, ""local"": 116, ""consensus"": 100}"
Annulus10,10,DCAS-noClosure,13,400,1.0,1,97,0.010542284025343795,0.0,408.69261486526926,70.1046812493306,0.12154915148189827,0.34506305288913985,1.3372076847102914,"{""rand1"": 58, ""pbest"": 71, ""closure"": 0, ""local"": 132, ""consensus"": 99}"
Annulus10,10,DCAS-noClosure,14,400,1.0,1,92,-0.033629010456038444,0.0,415.9294007964709,54.82025819439797,0.11491321598359623,0.34355530736655965,1.3662463433416803,"{""rand1"": 74, ""pbest"": 78, ""closure"": 0, ""local"": 87, ""consensus"": 121}"
Annulus10,10,DCAS-noClosure,15,400,1.0,1,93,0.14370397354414033,0.0,407.7605932160329,62.33020229433131,0.1250216325957499,0.3593666333666333,1.3426487384441863,"{""rand1"": 54, ""pbest"": 81, ""closure"": 0, ""local"": 126, ""consensus"": 99}"
Annulus10,10,DCAS-noClosure,16,400,1.0,1,149,0.13812758123482766,0.0,408.8378854746042,64.65540409892166,0.11708250077057936,0.45144306418219465,1.3633399065413487,"{""rand1"": 69, ""pbest"": 77, ""closure"": 0, ""local"": 120, ""consensus"": 94}"
Annulus10,10,DCAS-noClosure,17,400,1.0,1,67,-0.0012182094620589168,0.0,406.00653790206235,63.29410125941305,0.12279030230366832,0.4969595621769535,1.3484553555436674,"{""rand1"": 74, ""pbest"": 66, ""closure"": 0, ""local"": 132, ""consensus"": 88}"
Annulus10,10,DCAS-noClosure,18,400,1.0,1,69,-0.2723869601866256,0.0,410.6357239487097,71.54114464969275,0.11693899024004048,0.36923076923076925,1.3575870040098341,"{""rand1"": 64, ""pbest"": 74, ""closure"": 0, ""local"": 114, ""consensus"": 108}"
Annulus10,10,DCAS-noClosure,19,400,1.0,1,138,0.21036067444635823,0.0,410.0296398862987,69.33436583257047,0.12031829135913048,0.24358755107981117,1.350048531028878,"{""rand1"": 52, ""pbest"": 91, ""closure"": 0, ""local"": 109, ""consensus"": 108}"
Annulus10,10,DCAS-noClosure,20,400,1.0,1,131,0.0004672580278078653,0.0,406.0388879442632,69.54517351821073,0.12870842055597348,0.8354826546003018,1.348902138135386,"{""rand1"": 75, ""pbest"": 66, ""closure"": 0, ""local"": 132, ""consensus"": 87}"
Annulus10,10,DCAS-noClosure,21,400,1.0,1,94,0.0749701573583926,0.0,407.82993893465215,69.09305736154018,0.11691545147349232,0.20383182035355948,1.364614855701793,"{""rand1"": 68, ""pbest"": 80, ""closure"": 0, ""local"": 119, ""consensus"": 93}"
Annulus10,10,DCAS-noClosure,22,400,1.0,1,165,0.30950570664938937,0.0,405.50141629308746,72.52885783378504,0.12989079393156228,0.4630522248425062,1.3322662115505655,"{""rand1"": 62, ""pbest"": 71, ""closure"": 0, ""local"": 141, ""consensus"": 86}"
Annulus10,10,DCAS-noClosure,23,400,1.0,1,160,-0.010249682163283258,0.0,410.22981010870757,71.45068863647353,0.1103424133751411,0.2568952786344091,1.3739996211086583,"{""rand1"": 68, ""pbest"": 95, ""closure"": 0, ""local"": 91, ""consensus"": 106}"
Annulus10,10,DCAS-noClosure,24,400,1.0,1,127,0.16091526335486378,0.0,411.6834112459243,66.4297166424991,0.1208324887201776,0.2080596606458675,1.354397601035397,"{""rand1"": 65, ""pbest"": 70, ""closure"": 0, ""local"": 114, ""consensus"": 111}"
Annulus10,10,DCAS-noClosure,25,400,1.0,1,120,-0.055028455275345,0.0,414.8464171070564,69.21816570587998,0.12632853889685502,0.3533186813186813,1.3305753557882705,"{""rand1"": 60, ""pbest"": 61, ""closure"": 0, ""local"": 113, ""consensus"": 126}"
Annulus10,10,DCAS-noClosure,26,400,1.0,1,92,0.11573502433103522,0.0,408.684533723159,61.02505333531076,0.11545637263730482,0.23917815930199832,1.3610271505856963,"{""rand1"": 62, ""pbest"": 82, ""closure"": 0, ""local"": 115, ""consensus"": 101}"
Annulus10,10,DCAS-noClosure,27,400,1.0,1,127,0.3549950917440009,0.0,404.47542193066573,63.20334796688603,0.11762169381535026,0.2628115743905218,1.3635164635669623,"{""rand1"": 64, ""pbest"": 87, ""closure"": 0, ""local"": 118, ""consensus"": 91}"
Annulus10,10,DCAS-noClosure,28,400,1.0,1,83,0.143935406133209,0.0,410.9216059253169,64.33307496908768,0.11817442918685592,0.1992857142857143,1.3542428915863034,"{""rand1"": 72, ""pbest"": 64, ""closure"": 0, ""local"": 119, ""consensus"": 105}"
Annulus10,10,DCAS-noClosure,29,400,1.0,1,84,0.20734756261561066,0.0,412.90535928771703,61.18860880221749,0.11828957418371233,0.48903124326653735,1.3492411849491417,"{""rand1"": 62, ""pbest"": 70, ""closure"": 0, ""local"": 110, ""consensus"": 118}"
ChainConstraint30,30,DCAS-noClosure,0,400,1.0,1,180,4.753064941904252,0.0,432.7663809747122,62.19514232727507,0.12793560439253193,0.5930046019210106,1.3413014245294823,"{""rand1"": 61, ""pbest"": 66, ""closure"": 0, ""local"": 122, ""consensus"": 111}"
ChainConstraint30,30,DCAS-noClosure,1,400,1.0,1,209,4.893902030488892,0.0,432.6820673813798,66.89192247369151,0.123446899712544,0.6618479045360651,1.3502600060962915,"{""rand1"": 63, ""pbest"": 70, ""closure"": 0, ""local"": 120, ""consensus"": 107}"
ChainConstraint30,30,DCAS-noClosure,2,400,1.0,1,248,4.55262048244809,0.0,438.23432402185335,63.482301865477055,0.12851374212262362,0.5761969495195303,1.3383672230740544,"{""rand1"": 59, ""pbest"": 67, ""closure"": 0, ""local"": 109, ""consensus"": 125}"
ChainConstraint30,30,DCAS-noClosure,3,400,1.0,1,217,3.3347941018482192,0.0,439.6382709531444,67.79106694846953,0.1369486115591756,0.7264077153984274,1.3299399459143415,"{""rand1"": 54, ""pbest"": 71, ""closure"": 0, ""local"": 102, ""consensus"": 133}"
ChainConstraint30,30,DCAS-noClosure,4,400,1.0,1,220,3.791846652660249,0.0,438.1178932063781,63.549361549191076,0.1293141680872804,0.5343069918197253,1.3366715967297316,"{""rand1"": 56, ""pbest"": 71, ""closure"": 0, ""local"": 105, ""consensus"": 128}"
ChainConstraint30,30,DCAS-noClosure,5,400,1.0,1,214,5.593001477146545,0.0,437.0203219545345,63.60547686747539,0.1295335092960183,0.6620519044084272,1.3292446114268992,"{""rand1"": 59, ""pbest"": 61, ""closure"": 0, ""local"": 124, ""consensus"": 116}"
ChainConstraint30,30,DCAS-noClosure,6,400,1.0,1,207,5.621465285702047,0.0,432.3720725902423,67.20713668320599,0.1245494633552571,0.6126703698508973,1.343710950419681,"{""rand1"": 60, ""pbest"": 69, ""closure"": 0, ""local"": 122, ""consensus"": 109}"
ChainConstraint30,30,DCAS-noClosure,7,400,1.0,1,249,4.56180996646839,0.0,435.53625252653313,65.67746334955082,0.12502597070094282,0.31028838733422776,1.3400374820349097,"{""rand1"": 61, ""pbest"": 65, ""closure"": 0, ""local"": 121, ""consensus"": 113}"
ChainConstraint30,30,DCAS-noClosure,8,400,1.0,1,201,4.184510526611146,0.0,436.07073845935446,64.49839872715704,0.1281948706041222,0.7809670523323774,1.3439196004287075,"{""rand1"": 58, ""pbest"": 72, ""closure"": 0, ""local"": 108, ""consensus"": 122}"
ChainConstraint30,30,DCAS-noClosure,9,400,1.0,1,222,3.1014499549094956,0.0,439.572442661653,64.3462392847149,0.13613270260742732,0.6790603249547925,1.3341953703066434,"{""rand1"": 59, ""pbest"": 69, ""closure"": 0, ""local"": 97, ""consensus"": 135}"
ChainConstraint30,30,DCAS-noClosure,10,400,1.0,1,249,5.905609591574645,0.0,437.33299767478445,62.076341577875894,0.12211051271599234,0.532404124383751,1.3416453770801435,"{""rand1"": 55, ""pbest"": 74, ""closure"": 0, ""local"": 117, ""consensus"": 114}"
ChainConstraint30,30,DCAS-noClosure,11,400,1.0,1,228,4.421720050281497,0.0,434.64452456771204,62.65198628719308,0.12278939063257574,0.49179794907349084,1.341158443852848,"{""rand1"": 53, ""pbest"": 85, ""closure"": 0, ""local"": 94, ""consensus"": 128}"
ChainConstraint30,30,DCAS-noClosure,12,400,1.0,1,281,7.754528115874217,0.0,435.22723503907395,66.82687871761317,0.11634852435456655,0.29689663098358754,1.35868094175563,"{""rand1"": 60, ""pbest"": 82, ""closure"": 0, ""local"": 105, ""consensus"": 113}"
ChainConstraint30,30,DCAS-noClosure,13,400,1.0,1,241,5.096065978613666,0.0,434.8995689884778,60.635397620786115,0.12389576400068181,0.5396307126145923,1.352156967054719,"{""rand1"": 62, ""pbest"": 74, ""closure"": 0, ""local"": 102, ""consensus"": 122}"
ChainConstraint30,30,DCAS-noClosure,14,400,1.0,1,206,5.083516140182168,0.0,436.3966925950095,64.99229307798558,0.1295296516240159,0.45121260836431115,1.3330828887862887,"{""rand1"": 55, ""pbest"": 68, ""closure"": 0, ""local"": 122, ""consensus"": 115}"
ChainConstraint30,30,DCAS-noClosure,15,400,1.0,1,235,5.601062076744089,0.0,437.740028531445,63.75934572927549,0.12813523684804579,0.6571111353165963,1.3366955818742543,"{""rand1"": 64, ""pbest"": 60, ""closure"": 0, ""local"": 121, ""consensus"": 115}"
ChainConstraint30,30,DCAS-noClosure,16,400,1.0,1,214,3.6319255921037623,0.0,439.51763901251144,64.14654727195396,0.13555074378087045,0.6439156553100152,1.3351110984892571,"{""rand1"": 61, ""pbest"": 71, ""closure"": 0, ""local"": 90, ""consensus"": 138}"
ChainConstraint30,30,DCAS-noClosure,17,400,1.0,1,266,6.866868886585984,0.0,437.7081192834986,64.88713849100313,0.12789052378168986,0.44864818779929144,1.3326714329564882,"{""rand1"": 57, ""pbest"": 66, ""closure"": 0, ""local"": 110, ""consensus"": 127}"
ChainConstraint30,30,DCAS-noClosure,18,400,1.0,1,216,5.429596655026557,0.0,439.1805819743178,63.501420951841396,0.13315329637672707,0.3916805061945727,1.332883177880624,"{""rand1"": 60, ""pbest"": 65, ""closure"": 0, ""local"": 102, ""consensus"": 133}"
ChainConstraint30,30,DCAS-noClosure,19,400,1.0,1,213,5.153835183651933,0.0,436.83479746847223,74.42735244600446,0.12513361404280535,0.5851598136056341,1.347393925167262,"{""rand1"": 66, ""pbest"": 65, ""closure"": 0, ""local"": 107, ""consensus"": 122}"
ChainConstraint30,30,DCAS-noClosure,20,400,1.0,1,331,6.14116744431562,0.0,440.5161640606934,59.08786591916563,0.1187072824204893,0.1586532720403688,1.3517205788537994,"{""rand1"": 63, ""pbest"": 75, ""closure"": 0, ""local"": 96, ""consensus"": 126}"
ChainConstraint30,30,DCAS-noClosure,21,400,1.0,1,254,6.27578558632678,0.0,430.25839735742824,64.10082592699062,0.1270754513780966,0.6001043473630633,1.3426273246579616,"{""rand1"": 53, ""pbest"": 81, ""closure"": 0, ""local"": 123, ""consensus"": 103}"
ChainConstraint30,30,DCAS-noClosure,22,400,1.0,1,252,3.870415507995584,0.0,439.6741726233074,66.95977709507223,0.1326196883636668,0.6341322990734757,1.3276830531455772,"{""rand1"": 56, ""pbest"": 71, ""closure"": 0, ""local"": 94, ""consensus"": 139}"
ChainConstraint30,30,DCAS-noClosure,23,400,1.0,1,272,3.141752561391911,0.0,439.6572139822706,60.6515876594028,0.12503447571434265,0.5179229698362082,1.3433522080856766,"{""rand1"": 60, ""pbest"": 73, ""closure"": 0, ""local"": 97, ""consensus"": 130}"
ChainConstraint30,30,DCAS-noClosure,24,400,1.0,1,196,7.4071795522903985,0.0,428.79609491869866,62.56099109450232,0.12677631907729453,0.6095275040553678,1.3489765133601639,"{""rand1"": 61, ""pbest"": 77, ""closure"": 0, ""local"": 128, ""consensus"": 94}"
ChainConstraint30,30,DCAS-noClosure,25,400,1.0,1,211,5.977947230393126,0.0,430.8019110783048,64.25767117315998,0.12911538695379207,0.42083322758514574,1.3404929546936648,"{""rand1"": 55, ""pbest"": 75, ""closure"": 0, ""local"": 125, ""consensus"": 105}"
ChainConstraint30,30,DCAS-noClosure,26,400,1.0,1,269,7.295977101171097,0.0,432.5177476552904,63.79585114678792,0.12396217055064714,0.31540846078106866,1.3344392372844762,"{""rand1"": 61, ""pbest"": 64, ""closure"": 0, ""local"": 131, ""consensus"": 104}"
ChainConstraint30,30,DCAS-noClosure,27,400,1.0,1,181,5.570516935575524,0.0,433.87946729894367,69.58202523218021,0.13250241544321234,0.5751087916206021,1.3297175449765908,"{""rand1"": 52, ""pbest"": 70, ""closure"": 0, ""local"": 120, ""consensus"": 118}"
ChainConstraint30,30,DCAS-noClosure,28,400,1.0,1,298,3.1167125203513235,0.0,439.96260064422654,64.75444620798257,0.13049769271233255,0.27387148887481066,1.330720711100064,"{""rand1"": 56, ""pbest"": 71, ""closure"": 0, ""local"": 97, ""consensus"": 136}"
ChainConstraint30,30,DCAS-noClosure,29,400,1.0,1,235,4.004953044176803,0.0,435.30041463832833,61.080443069910054,0.12102762175636088,0.5906039760451526,1.3484173078145572,"{""rand1"": 59, ""pbest"": 74, ""closure"": 0, ""local"": 107, ""consensus"": 120}"
G06,2,DCAS-noClosure,0,400,1.0,1,331,-5806.719926256946,0.0,382.6696096203238,100.30804595514444,0.15594133930883863,0.2682381629750051,1.3166005801293221,"{""rand1"": 87, ""pbest"": 63, ""closure"": 0, ""local"": 148, ""consensus"": 62}"
G06,2,DCAS-noClosure,1,400,1.0,1,339,-3883.372884731853,0.0,383.7067133984389,101.3566922288238,0.18207110819352884,0.2793741109530583,1.2790726140583903,"{""rand1"": 62, ""pbest"": 68, ""closure"": 0, ""local"": 167, ""consensus"": 63}"
G06,2,DCAS-noClosure,2,400,1.0,1,391,-5293.442761680495,0.0,383.9865024205152,96.8165340606882,0.1642042633303776,0.1750300908195645,1.3088925818476742,"{""rand1"": 70, ""pbest"": 69, ""closure"": 0, ""local"": 155, ""consensus"": 66}"
G06,2,DCAS-noClosure,3,400,1.0,0,401,inf,0.011112699574215932,382.26687378624894,99.88337475669917,0.1596969311523416,0.0,1.308059411657879,"{""rand1"": 85, ""pbest"": 65, ""closure"": 0, ""local"": 152, ""consensus"": 58}"
G06,2,DCAS-noClosure,4,400,1.0,0,401,inf,0.009945694424501618,383.58827156132503,103.12749158235044,0.14574617129615525,0.0,1.3303247359052714,"{""rand1"": 95, ""pbest"": 68, ""closure"": 0, ""local"": 138, ""consensus"": 59}"
G06,2,DCAS-noClosure,5,400,1.0,0,401,inf,0.004476890069783082,383.43126585630563,105.63010250506377,0.17950799418196178,0.0,1.2752701446235475,"{""rand1"": 60, ""pbest"": 71, ""closure"": 0, ""local"": 168, ""consensus"": 61}"
G06,2,DCAS-noClosure,6,400,1.0,1,278,-4134.059236270615,0.0,382.6147166847649,99.32701723116408,0.17654222927640087,0.0,1.2843993588771283,"{""rand1"": 75, ""pbest"": 60, ""closure"": 0, ""local"": 164, ""consensus"": 61}"
G06,2,DCAS-noClosure,7,400,1.0,1,373,-5846.396867270186,0.0,383.5631647034396,97.06016074817592,0.14985362836090893,0.15270817376080534,1.322949549646463,"{""rand1"": 85, ""pbest"": 64, ""closure"": 0, ""local"": 146, ""consensus"": 65}"
G06,2,DCAS-noClosure,8,400,1.0,1,362,-6560.717864284065,0.0,381.122923740297,93.14901746813194,0.15980207348255915,0.0,1.3071154004217571,"{""rand1"": 89, ""pbest"": 61, ""closure"": 0, ""local"": 151, ""consensus"": 59}"
G06,2,DCAS-noClosure,9,400,1.0,1,264,-5757.3726171322205,0.0,384.3047192308288,99.55201235025474,0.1512283657983989,0.1938223938223938,1.3237348364964732,"{""rand1"": 71, ""pbest"": 74, ""closure"": 0, ""local"": 148, ""consensus"": 67}"
G06,2,DCAS-noClosure,10,400,1.0,0,401,inf,0.00214506704108544,383.26614223809344,99.411110739424,0.14833946989746047,0.0,1.3234154877376376,"{""rand1"": 80, ""pbest"": 70, ""closure"": 0, ""local"": 147, ""consensus"": 63}"
G06,2,DCAS-noClosure,11,400,1.0,1,155,-6016.505891542577,0.0,384.07266632448653,80.60899894644369,0.12310339600194205,0.4137448984507808,1.3630282029218126,"{""rand1"": 93, ""pbest"": 80, ""closure"": 0, ""local"": 120, ""consensus"": 67}"
G06,2,DCAS-noClosure,12,400,1.0,0,401,inf,0.001189104928778164,382.1921224016663,102.01918908623088,0.1348999956834388,0.0,1.3395983683747406,"{""rand1"": 86, ""pbest"": 81, ""closure"": 0, ""local"": 135, ""consensus"": 58}"
G06,2,DCAS-noClosure,13,400,1.0,1,288,-6272.415938117173,0.0,383.65230440831186,102.4132154441838,0.1653769274123341,0.12474012474012475,1.306283508247775,"{""rand1"": 70, ""pbest"": 70, ""closure"": 0, ""local"": 156, ""consensus"": 64}"
G06,2,DCAS-noClosure,14,400,1.0,0,401,inf,0.006851594456835482,382.0709392372779,99.31279138796302,0.1366863942465261,0.0,1.3323461904017724,"{""rand1"": 87, ""pbest"": 77, ""closure"": 0, ""local"": 139, ""consensus"": 57}"
G06,2,DCAS-noClosure,15,400,1.0,1,262,-2997.5740370681774,0.0,383.2373556418635,96.37727016803147,0.13836723274399923,0.5638691322901849,1.3371060991834605,"{""rand1"": 95, ""pbest"": 68, ""closure"": 0, ""local"": 135, ""consensus"": 62}"
G06,2,DCAS-noClosure,16,400,1.0,1,150,-5609.766415343172,0.0,383.59907185392126,84.27808746658759,0.14788650957048638,0.5955757376810008,1.3301953485888949,"{""rand1"": 70, ""pbest"": 80, ""closure"": 0, ""local"": 144, ""consensus"": 66}"
G06,2,DCAS-noClosure,17,400,1.0,1,309,-3021.977679623104,0.0,382.43663118795615,92.97565457579586,0.13612801456133244,0.3212167633220265,1.3451109302490476,"{""rand1"": 93, ""pbest"": 75, ""closure"": 0, ""local"": 131, ""consensus"": 61}"
G06,2,DCAS-noClosure,18,400,1.0,1,263,-5838.523076559511,0.0,384.4686617492572,96.94278567832554,0.15573357288525017,0.24654776233723602,1.318993367631853,"{""rand1"": 76, ""pbest"": 67, ""closure"": 0, ""local"": 150, ""consensus"": 67}"
G06,2,DCAS-noClosure,19,400,1.0,1,288,-4846.339441789454,0.0,382.1016407049166,100.1839219751114,0.145919509494183,0.4991005580479265,1.3296132940305243,"{""rand1"": 94, ""pbest"": 67, ""closure"": 0, ""local"": 139, ""consensus"": 60}"
G06,2,DCAS-noClosure,20,400,1.0,0,401,inf,0.002308439971850362,382.6158240103069,95.71030958333087,0.1490082232511715,0.0,1.3290774928336069,"{""rand1"": 69, ""pbest"": 78, ""closure"": 0, ""local"": 145, ""consensus"": 68}"
G06,2,DCAS-noClosure,21,400,1.0,1,249,-6054.085422088864,0.0,383.68676231660515,93.94041358837663,0.1442556825423023,0.3313272786956997,1.3358367386219627,"{""rand1"": 85, ""pbest"": 68, ""closure"": 0, ""local"": 140, ""consensus"": 67}"
G06,2,DCAS-noClosure,22,400,1.0,1,300,-5303.859357647129,0.0,383.41981218556896,99.03555412812166,0.14833708925679506,0.0,1.329554586606784,"{""rand1"": 74, ""pbest"": 79, ""closure"": 0, ""local"": 144, ""consensus"": 63}"
G06,2,DCAS-noClosure,23,400,1.0,1,341,-4757.899181115012,0.0,381.9796765826521,100.19177866376467,0.17221922090786074,0.2485446464393833,1.2937568240442738,"{""rand1"": 84, ""pbest"": 60, ""closure"": 0, ""local"": 158, ""consensus"": 58}"
G06,2,DCAS-noClosure,24,400,1.0,0,401,inf,0.00443053773510357,383.52732342986326,98.67834789507431,0.14358260037516563,0.0,1.3380206574439324,"{""rand1"": 80, ""pbest"": 73, ""closure"": 0, ""local"": 140, ""consensus"": 67}"
G06,2,DCAS-noClosure,25,400,1.0,1,382,-6606.967497146056,0.0,385.7604594038726,92.84353033641378,0.14813369920519665,0.14071561439982494,1.3329058717893356,"{""rand1"": 66, ""pbest"": 75, ""closure"": 0, ""local"": 143, ""consensus"": 76}"
G06,2,DCAS-noClosure,26,400,1.0,1,274,-6531.197601171724,0.0,384.6377899024132,100.9969486690356,0.1522176671076029,0.36491859056375187,1.3226303688139427,"{""rand1"": 84, ""pbest"": 60, ""closure"": 0, ""local"": 146, ""consensus"": 70}"
G06,2,DCAS-noClosure,27,400,1.0,1,107,-4673.5377101106415,0.0,384.4357512056091,70.98481031176543,0.15306900992093878,0.5264470948681476,1.321979710958661,"{""rand1"": 72, ""pbest"": 71, ""closure"": 0, ""local"": 149, ""consensus"": 68}"
G06,2,DCAS-noClosure,28,400,1.0,0,401,inf,0.02272428634642971,384.4538805647754,101.33489468374059,0.15645096668159308,0.0,1.316413412264387,"{""rand1"": 71, ""pbest"": 75, ""closure"": 0, ""local"": 151, ""consensus"": 63}"
G06,2,DCAS-noClosure,29,400,1.0,0,401,inf,0.0015563537601157682,382.33721475155323,97.22344494691677,0.1502125314121541,0.0,1.3241036686568581,"{""rand1"": 97, ""pbest"": 64, ""closure"": 0, ""local"": 140, ""consensus"": 59}"
G08,2,DCAS-noClosure,0,400,1.0,1,63,-0.09502882550819378,0.0,387.2661834782454,39.18272012764657,0.10315006932773303,0.13020467252046194,1.3756597854568517,"{""rand1"": 84, ""pbest"": 98, ""closure"": 0, ""local"": 106, ""consensus"": 72}"
G08,2,DCAS-noClosure,1,400,1.0,1,9,-0.09547728681521583,0.0,386.4141847456742,52.08005240626709,0.11580555533593281,0.07613220539051739,1.354565677097371,"{""rand1"": 106, ""pbest"": 64, ""closure"": 0, ""local"": 118, ""consensus"": 72}"
G08,2,DCAS-noClosure,2,400,1.0,1,83,-0.09509422971128027,0.0,386.11844848989773,40.82214653487416,0.10853121525463658,0.165416028759682,1.3671235313126162,"{""rand1"": 87, ""pbest"": 84, ""closure"": 0, ""local"": 119, ""consensus"": 70}"
G08,2,DCAS-noClosure,3,400,1.0,1,56,-0.0901011547071497,0.0,384.2324865203247,50.10611286772283,0.10848013380071989,0.16909090909090913,1.358827651451709,"{""rand1"": 83, ""pbest"": 88, ""closure"": 0, ""local"": 124, ""consensus"": 65}"
G08,2,DCAS-noClosure,4,400,1.0,1,34,-0.09146858943912345,0.0,383.98227879239715,58.076515339654634,0.11631761830223009,0.470104405398523,1.3531847699574198,"{""rand1"": 90, ""pbest"": 77, ""closure"": 0, ""local"": 128, ""consensus"": 65}"
G08,2,DCAS-noClosure,5,400,1.0,1,58,-0.08645807515714704,0.0,385.80164930081014,55.56362785012953,0.11359490591454216,0.1084456655203728,1.345629811333945,"{""rand1"": 78, ""pbest"": 77, ""closure"": 0, ""local"": 136, ""consensus"": 69}"
G08,2,DCAS-noClosure,6,400,1.0,1,15,-0.08610076435049752,0.0,383.2433351756876,64.21494823687645,0.1099925048202101,0.2066298918472831,1.351319294575374,"{""rand1"": 97, ""pbest"": 77, ""closure"": 0, ""local"": 125, ""consensus"": 61}"
G08,2,DCAS-noClosure,7,400,1.0,1,81,-0.08620633497340754,0.0,383.069129719806,62.76437228178902,0.11556799631976936,0.41388085598611923,1.3331011690212224,"{""rand1"": 91, ""pbest"": 76, ""closure"": 0, ""local"": 137, ""consensus"": 56}"
G08,2,DCAS-noClosure,8,400,1.0,1,17,-0.09314521024757846,0.0,381.8591115718456,65.37433327814753,0.11964814444894914,0.28959491488903255,1.3174861271666543,"{""rand1"": 77, ""pbest"": 76, ""closure"": 0, ""local"": 149, ""consensus"": 58}"
G08,2,DCAS-noClosure,9,400,1.0,1,49,-0.09358748319421736,0.0,383.96238955055605,62.38932694201747,0.11552648242994663,0.23126482213438743,1.3321286799776877,"{""rand1"": 92, ""pbest"": 66, ""closure"": 0, ""local"": 139, ""consensus"": 63}"
G08,2,DCAS-noClosure,10,400,1.0,1,80,-0.0927073483958713,0.0,385.13840588841157,52.11137746227648,0.10867217612605866,0.06859307359307361,1.356530275485491,"{""rand1"": 79, ""pbest"": 87, ""closure"": 0, ""local"": 127, ""consensus"": 67}"
G08,2,DCAS-noClosure,11,400,1.0,1,51,-0.09462765387389865,0.0,385.7247770110685,46.68625419527616,0.10485824949767986,0.10133250296165892,1.3702770039111813,"{""rand1"": 85, ""pbest"": 88, ""closure"": 0, ""local"": 116, ""consensus"": 71}"
G08,2,DCAS-noClosure,12,400,1.0,1,43,-0.07645154123859343,0.0,384.7905850863681,68.2081931673644,0.11109093022842527,0.08601731601731606,1.3374100522716819,"{""rand1"": 88, ""pbest"": 70, ""closure"": 0, ""local"": 138, ""consensus"": 64}"
G08,2,DCAS-noClosure,13,400,1.0,1,47,-0.09577772820096918,0.0,385.67843275361855,44.25530274207592,0.10410190587278507,0.12093850009639487,1.3737806380760527,"{""rand1"": 101, ""pbest"": 88, ""closure"": 0, ""local"": 103, ""consensus"": 68}"
G08,2,DCAS-noClosure,14,400,1.0,1,91,-0.09412140554639108,0.0,388.344365872891,36.16245185497086,0.10355309640081276,0.15251488449630862,1.3822699228162725,"{""rand1"": 97, ""pbest"": 90, ""closure"": 0, ""local"": 96, ""consensus"": 77}"
G08,2,DCAS-noClosure,15,400,1.0,1,85,-0.0860780381827377,0.0,387.82183965901856,35.951717024940855,0.10259219814594338,0.16856769374416433,1.3821652190902824,"{""rand1"": 93, ""pbest"": 84, ""closure"": 0, ""local"": 102, ""consensus"": 81}"
G08,2,DCAS-noClosure,16,400,1.0,1,13,-0.08792850014900602,0.0,383.96456887870954,58.15306975323717,0.11460347029356881,0.25112634527495203,1.3431317407954828,"{""rand1"": 95, ""pbest"": 69, ""closure"": 0, ""local"": 132, ""consensus"": 64}"
G08,2,DCAS-noClosure,17,400,1.0,1,11,-0.09572264985550503,0.0,387.3335410031499,41.7294409158371,0.10348256260362058,0.03249045072574479,1.380910217482188,"{""rand1"": 84, ""pbest"": 88, ""closure"": 0, ""local"": 106, ""consensus"": 82}"
G08,2,DCAS-noClosure,18,400,1.0,1,152,-0.09580319818669232,0.0,385.91813549815214,41.76545299785214,0.1103999788072934,0.05732224297441686,1.3628014025301975,"{""rand1"": 74, ""pbest"": 89, ""closure"": 0, ""local"": 123, ""consensus"": 74}"
G08,2,DCAS-noClosure,19,400,1.0,1,90,-0.09370973631566891,0.0,386.7956532980659,46.02786257794612,0.11439499543098723,0.11472527472527472,1.3575939408845858,"{""rand1"": 84, ""pbest"": 73, ""closure"": 0, ""local"": 128, ""consensus"": 75}"
G08,2,DCAS-noClosure,20,400,1.0,1,16,-0.0942877443407333,0.0,387.9019294618572,38.70179439880488,0.10249436892659824,0.09227684596105648,1.3834028451810485,"{""rand1"": 89, ""pbest"": 88, ""closure"": 0, ""local"": 101, ""consensus"": 82}"
G08,2,DCAS-noClosure,21,400,1.0,1,53,-0.09031530398282299,0.0,381.58017710554395,73.84147364853452,0.12279487644282874,0.13508771929824565,1.317534281603013,"{""rand1"": 105, ""pbest"": 66, ""closure"": 0, ""local"": 137, ""consensus"": 52}"
G08,2,DCAS-noClosure,22,400,1.0,1,70,-0.07465679243607522,0.0,384.3616606191878,48.30232333686908,0.10822145187445846,0.12414960478118373,1.357455200885987,"{""rand1"": 86, ""pbest"": 82, ""closure"": 0, ""local"": 126, ""consensus"": 66}"
G08,2,DCAS-noClosure,23,400,1.0,1,66,-0.09353652303227854,0.0,385.01853737128926,50.40816480584443,0.11738461939332272,0.2005783689994216,1.352100799579428,"{""rand1"": 85, ""pbest"": 75, ""closure"": 0, ""local"": 131, ""consensus"": 69}"
G08,2,DCAS-noClosure,24,400,1.0,1,46,-0.0923576314650109,0.0,385.31575430173115,50.71900764598108,0.11273215859164125,0.2009922283091301,1.3580771145902741,"{""rand1"": 91, ""pbest"": 76, ""closure"": 0, ""local"": 125, ""consensus"": 68}"
G08,2,DCAS-noClosure,25,400,1.0,1,72,-0.09113193816560088,0.0,384.76035053200025,55.0733188507746,0.10868525990910242,0.07192640692640699,1.3538613287472498,"{""rand1"": 97, ""pbest"": 70, ""closure"": 0, ""local"": 125, ""consensus"": 68}"
G08,2,DCAS-noClosure,26,400,1.0,1,77,-0.09571166755766555,0.0,382.9401691516657,75.9314385895033,0.12081029114638828,0.14334297281665703,1.3007032636483555,"{""rand1"": 85, ""pbest"": 62, ""closure"": 0, ""local"": 155, ""consensus"": 58}"
G08,2,DCAS-noClosure,27,400,1.0,1,57,-0.09331810315584561,0.0,387.60248100236504,44.718169578594264,0.10384039373750534,0.16970447509147202,1.3809772816966133,"{""rand1"": 99, ""pbest"": 84, ""closure"": 0, ""local"": 99, ""consensus"": 78}"
G08,2,DCAS-noClosure,28,400,1.0,1,11,-0.06975868481165837,0.0,385.03374142862845,56.38363892596042,0.10961231865111305,0.04308993828444627,1.3518751004109424,"{""rand1"": 85, ""pbest"": 83, ""closure"": 0, ""local"": 129, ""consensus"": 63}"
G08,2,DCAS-noClosure,29,400,1.0,1,43,-0.09357341529849372,0.0,388.797147070962,39.347559758212434,0.10376008299921742,0.13427029111239644,1.3836970239210404,"{""rand1"": 89, ""pbest"": 85, ""closure"": 0, ""local"": 101, ""consensus"": 85}"
G11,2,DCAS-noClosure,0,400,1.0,1,90,0.7768961094274798,0.0,398.7996688759767,24.008280726817524,0.10161915327125495,0.5566386554621848,1.3835743232942797,"{""rand1"": 85, ""pbest"": 92, ""closure"": 0, ""local"": 100, ""consensus"": 83}"
G11,2,DCAS-noClosure,1,400,1.0,1,41,0.7582244251734278,0.0,394.58868030625223,89.50196539525143,0.11116815986667403,0.6244522144522144,1.345444687664226,"{""rand1"": 68, ""pbest"": 70, ""closure"": 0, ""local"": 134, ""consensus"": 88}"
G11,2,DCAS-noClosure,2,400,1.0,1,183,0.9580707428159706,0.0,396.0162837449448,26.95551414996249,0.10526638953506447,0.6013283776254268,1.378860532208526,"{""rand1"": 89, ""pbest"": 90, ""closure"": 0, ""local"": 106, ""consensus"": 75}"
G11,2,DCAS-noClosure,3,400,1.0,1,156,0.8249490394116064,0.0,397.32474198448443,23.967324594803777,0.101471080224487,1.2612900061197276,1.384542668692606,"{""rand1"": 83, ""pbest"": 98, ""closure"": 0, ""local"": 89, ""consensus"": 90}"
G11,2,DCAS-noClosure,4,400,1.0,1,78,1.0,0.0,393.53875789087374,33.69564181175981,0.1117685707141477,0.6818299347711113,1.37126342367805,"{""rand1"": 84, ""pbest"": 87, ""closure"": 0, ""local"": 116, ""consensus"": 73}"
G11,2,DCAS-noClosure,5,400,1.0,1,91,1.0,0.0,389.669105834602,32.110428908234226,0.11815974279183454,0.3896429061134943,1.357168896951971,"{""rand1"": 90, ""pbest"": 76, ""closure"": 0, ""local"": 126, ""consensus"": 68}"
G11,2,DCAS-noClosure,6,400,1.0,1,59,0.7597019398964996,0.0,394.4559660993587,53.30122657703805,0.10943236638713824,0.7243381218324011,1.368887637613716,"{""rand1"": 81, ""pbest"": 80, ""closure"": 0, ""local"": 120, ""consensus"": 79}"
G11,2,DCAS-noClosure,7,400,1.0,1,140,0.9788343889694099,0.0,398.78544540603514,26.114864533518837,0.1018977444180033,1.2153925353925352,1.3842823818398458,"{""rand1"": 85, ""pbest"": 85, ""closure"": 0, ""local"": 99, ""consensus"": 91}"
G11,2,DCAS-noClosure,8,400,1.0,1,346,0.8359477660813397,0.0,393.60613625718514,26.033418478235745,0.10175739310588483,0.0,1.3846383941799865,"{""rand1"": 82, ""pbest"": 89, ""closure"": 0, ""local"": 95, ""consensus"": 94}"
G11,2,DCAS-noClosure,9,400,1.0,1,43,0.8288957831130626,0.0,387.44303165589315,55.234769428257486,0.11170778453258964,0.6846153846153846,1.3460972799443878,"{""rand1"": 86, ""pbest"": 74, ""closure"": 0, ""local"": 134, ""consensus"": 66}"
G11,2,DCAS-noClosure,10,400,1.0,1,51,0.8159144993757336,0.0,391.3055739600669,36.23121560912653,0.10339646202183188,0.4466968325791855,1.3815102146255422,"{""rand1"": 95, ""pbest"": 90, ""closure"": 0, ""local"": 99, ""consensus"": 76}"
G11,2,DCAS-noClosure,11,400,1.0,1,298,0.9987188988423289,0.0,390.8620247368751,26.983478422952306,0.10311222796414683,0.13568224094539885,1.3833163085822902,"{""rand1"": 85, ""pbest"": 88, ""closure"": 0, ""local"": 102, ""consensus"": 85}"
G11,2,DCAS-noClosure,12,400,1.0,1,54,0.9703055001142652,0.0,398.1240031532078,20.30351287325363,0.10290191278712865,0.861644816284285,1.3833097052386116,"{""rand1"": 92, ""pbest"": 91, ""closure"": 0, ""local"": 98, ""consensus"": 79}"
G11,2,DCAS-noClosure,13,400,1.0,1,79,1.0,0.0,390.5066528149854,32.50541531517283,0.1055588018606612,0.3475957375957376,1.3780965026474872,"{""rand1"": 92, ""pbest"": 86, ""closure"": 0, ""local"": 107, ""consensus"": 75}"
G11,2,DCAS-noClosure,14,400,1.0,1,193,0.7791717642161489,0.0,395.059411652577,21.14845740573186,0.1039850713946675,0.7472589998905788,1.3823537243800743,"{""rand1"": 81, ""pbest"": 89, ""closure"": 0, ""local"": 103, ""consensus"": 87}"
G11,2,DCAS-noClosure,15,400,1.0,1,204,0.8540440139462784,0.0,393.01241568957715,26.125747525161408,0.10612864836267207,0.0,1.379830218160704,"{""rand1"": 79, ""pbest"": 88, ""closure"": 0, ""local"": 107, ""consensus"": 86}"
G11,2,DCAS-noClosure,16,400,1.0,1,122,1.0,0.0,394.68197908349373,31.117414306858098,0.10759018035950911,0.8637384720068612,1.370243259715789,"{""rand1"": 92, ""pbest"": 85, ""closure"": 0, ""local"": 114, ""consensus"": 69}"
G11,2,DCAS-noClosure,17,400,1.0,1,28,0.9911978999180082,0.0,387.66135599071845,16.42708560626075,0.10406516059683033,0.799193930772878,1.3820593280772788,"{""rand1"": 87, ""pbest"": 90, ""closure"": 0, ""local"": 103, ""consensus"": 80}"
G11,2,DCAS-noClosure,18,400,1.0,1,247,0.7591705958634485,0.0,395.091174496751,21.08595459212856,0.10164270910317526,0.0,1.384630757455275,"{""rand1"": 88, ""pbest"": 86, ""closure"": 0, ""local"": 99, ""consensus"": 87}"
G11,2,DCAS-noClosure,19,400,1.0,1,368,0.9641844389836887,0.0,393.11696125274284,23.357801811102952,0.10218528325266844,0.0,1.3838766429215896,"{""rand1"": 80, ""pbest"": 92, ""closure"": 0, ""local"": 97, ""consensus"": 91}"
G11,2,DCAS-noClosure,20,400,1.0,1,17,0.8210728179157918,0.0,395.0489912022611,20.042099808187057,0.10350323875118736,0.6639684450210767,1.3824586490408994,"{""rand1"": 83, ""pbest"": 84, ""closure"": 0, ""local"": 103, ""consensus"": 90}"
G11,2,DCAS-noClosure,21,400,1.0,1,293,0.9940569906217946,0.0,395.0982750094683,26.66219173546121,0.10328565494797055,0.16850858956122114,1.382259017217807,"{""rand1"": 81, ""pbest"": 86, ""closure"": 0, ""local"": 103, ""consensus"": 90}"
G11,2,DCAS-noClosure,22,400,1.0,1,154,1.0,0.0,395.59264185150425,28.827604688201703,0.10352687049183473,0.506827168255086,1.3786517092024326,"{""rand1"": 88, ""pbest"": 87, ""closure"": 0, ""local"": 108, ""consensus"": 77}"
G11,2,DCAS-noClosure,23,400,1.0,1,91,0.8783439668990347,0.0,394.71815552553295,23.24455925466132,0.1012291918834765,0.648740770846034,1.3853298358789559,"{""rand1"": 84, ""pbest"": 93, ""closure"": 0, ""local"": 89, ""consensus"": 94}"
G11,2,DCAS-noClosure,24,400,1.0,1,50,0.9952538302523549,0.0,394.26640382419157,31.485296680938653,0.108207578204968,1.0580797716215673,1.3740880851863801,"{""rand1"": 93, ""pbest"": 79, ""closure"": 0, ""local"": 112, ""consensus"": 76}"
G11,2,DCAS-noClosure,25,400,1.0,1,102,0.8290219368712621,0.0,395.02654315985825,22.82477684378423,0.10973360994885846,0.9381770434402015,1.3728280869261735,"{""rand1"": 84, ""pbest"": 78, ""closure"": 0, ""local"": 116, ""consensus"": 82}"
G11,2,DCAS-noClosure,26,400,1.0,1,123,0.9993581623668659,0.0,396.39675368956955,31.854472289544322,0.10644886263271487,0.8656625660500341,1.3738125624228896,"{""rand1"": 89, ""pbest"": 79, ""closure"": 0, ""local"": 114, ""consensus"": 78}"
G11,2,DCAS-noClosure,27,400,1.0,1,67,0.9992170714583959,0.0,393.62173860447166,32.133047034102475,0.10541961281540538,0.8601863770904018,1.3811381988735731,"{""rand1"": 90, ""pbest"": 84, ""closure"": 0, ""local"": 105, ""consensus"": 81}"
G11,2,DCAS-noClosure,28,400,1.0,1,73,0.8747682342595797,0.0,388.126915495329,42.60602988227906,0.11639333825419773,0.32254221526667337,1.3548436270402626,"{""rand1"": 82, ""pbest"": 77, ""closure"": 0, ""local"": 130, ""consensus"": 71}"
G11,2,DCAS-noClosure,29,400,1.0,1,56,1.0,0.0,393.8692690969506,34.27634910611033,0.10630266985627299,1.015924075924076,1.3766622313671544,"{""rand1"": 97, ""pbest"": 77, ""closure"": 0, ""local"": 107, ""consensus"": 79}"
MultiShell12,12,DCAS-noClosure,0,400,1.0,1,108,0.8881880102849539,0.0,413.6361572732523,78.09077452635591,0.11929118402411672,0.022857142857142843,1.3640339147825997,"{""rand1"": 65, ""pbest"": 79, ""closure"": 0, ""local"": 111, ""consensus"": 105}"
MultiShell12,12,DCAS-noClosure,1,400,1.0,1,133,0.873522220904346,0.0,419.7590572584863,79.78206975824185,0.13921422908727493,0.4313799244234027,1.3328852481012763,"{""rand1"": 59, ""pbest"": 73, ""closure"": 0, ""local"": 89, ""consensus"": 139}"
MultiShell12,12,DCAS-noClosure,2,400,1.0,1,44,0.991567847129895,0.0,413.3018905824499,52.66984865026425,0.11878721359004626,0.5068131868131868,1.3524734830304463,"{""rand1"": 58, ""pbest"": 83, ""closure"": 0, ""local"": 122, ""consensus"": 97}"
MultiShell12,12,DCAS-noClosure,3,400,1.0,1,77,0.9057789433057873,0.0,415.9728894587609,66.4551145831333,0.11736658845271894,0.3290909090909091,1.3670231056848277,"{""rand1"": 70, ""pbest"": 75, ""closure"": 0, ""local"": 107, ""consensus"": 108}"
MultiShell12,12,DCAS-noClosure,4,400,1.0,1,47,0.8407111764222961,0.0,409.68415785359736,59.55748241416874,0.12950928334783182,0.46424242424242423,1.34479829392286,"{""rand1"": 60, ""pbest"": 75, ""closure"": 0, ""local"": 130, ""consensus"": 95}"
MultiShell12,12,DCAS-noClosure,5,400,1.0,1,133,0.8644709536743396,0.0,414.00085016517505,78.47123249835887,0.12310266198434845,0.27521008403361347,1.3522402278284789,"{""rand1"": 58, ""pbest"": 79, ""closure"": 0, ""local"": 117, ""consensus"": 106}"
MultiShell12,12,DCAS-noClosure,6,400,1.0,1,106,0.8919668224833327,0.0,413.84779310752,69.382547888143,0.1323836343783709,0.19754901960784316,1.3302044119075092,"{""rand1"": 58, ""pbest"": 64, ""closure"": 0, ""local"": 130, ""consensus"": 108}"
MultiShell12,12,DCAS-noClosure,7,400,1.0,1,66,0.8672127487041618,0.0,413.8571944694288,59.999542357539354,0.1142762331908063,0.10181818181818181,1.3605515612096974,"{""rand1"": 60, ""pbest"": 84, ""closure"": 0, ""local"": 107, ""consensus"": 109}"
MultiShell12,12,DCAS-noClosure,8,400,1.0,1,32,0.7911923770873344,0.0,409.2806109024395,64.99247651043021,0.12727802048115694,0.36,1.3563153735014177,"{""rand1"": 66, ""pbest"": 76, ""closure"": 0, ""local"": 125, ""consensus"": 93}"
MultiShell12,12,DCAS-noClosure,9,400,1.0,1,7,0.8331832650777959,0.0,413.2469488348799,56.244850940016555,0.11095652555919297,0.0,1.3713408262490088,"{""rand1"": 70, ""pbest"": 81, ""closure"": 0, ""local"": 110, ""consensus"": 99}"
MultiShell12,12,DCAS-noClosure,10,400,1.0,1,88,0.9083997123014025,0.0,416.1655104009923,66.7729508913022,0.12482237502113647,0.44363636363636366,1.342694050964022,"{""rand1"": 55, ""pbest"": 75, ""closure"": 0, ""local"": 112, ""consensus"": 118}"
MultiShell12,12,DCAS-noClosure,11,400,1.0,1,60,0.8492015471746239,0.0,410.3829574221261,62.81872301597529,0.11912868054813183,0.1214285714285714,1.3663235720469318,"{""rand1"": 68, ""pbest"": 81, ""closure"": 0, ""local"": 117, ""consensus"": 94}"
MultiShell12,12,DCAS-noClosure,12,400,1.0,1,92,0.8067379494586664,0.0,416.7732647689214,68.08457234388287,0.12628086201706235,0.059411764705882344,1.3421851338103683,"{""rand1"": 56, ""pbest"": 73, ""closure"": 0, ""local"": 119, ""consensus"": 112}"
MultiShell12,12,DCAS-noClosure,13,400,1.0,1,89,0.903548504373529,0.0,412.2625577576942,73.94028205275252,0.12019993223617179,0.40242424242424246,1.356124714948195,"{""rand1"": 61, ""pbest"": 79, ""closure"": 0, ""local"": 119, ""consensus"": 101}"
MultiShell12,12,DCAS-noClosure,14,400,1.0,1,121,0.8214973987233296,0.0,410.9570938204966,81.33497761948945,0.12312586004190418,0.13426573426573427,1.3508774626704798,"{""rand1"": 58, ""pbest"": 81, ""closure"": 0, ""local"": 123, ""consensus"": 98}"
MultiShell12,12,DCAS-noClosure,15,400,1.0,1,105,0.8148446385209545,0.0,415.6862287241214,73.71807681361886,0.1143165450755319,0.1541258741258741,1.368767206172744,"{""rand1"": 77, ""pbest"": 70, ""closure"": 0, ""local"": 104, ""consensus"": 109}"
MultiShell12,12,DCAS-noClosure,16,400,1.0,1,53,0.8400350062292166,0.0,410.7508565806851,61.4695443049379,0.12432442070089422,0.2357142857142857,1.3581596851194095,"{""rand1"": 66, ""pbest"": 78, ""closure"": 0, ""local"": 124, ""consensus"": 92}"
MultiShell12,12,DCAS-noClosure,17,400,1.0,1,85,0.8679095001870949,0.0,411.6234539349005,70.9964862245595,0.13093902913409056,0.061904761904761886,1.3359453655522397,"{""rand1"": 58, ""pbest"": 69, ""closure"": 0, ""local"": 131, ""consensus"": 102}"
MultiShell12,12,DCAS-noClosure,18,400,1.0,1,6,0.8543743526536585,0.0,413.5056323717685,65.60357372106616,0.11540623791508739,0.06000000000000001,1.3627941469964249,"{""rand1"": 63, ""pbest"": 81, ""closure"": 0, ""local"": 111, ""consensus"": 105}"
MultiShell12,12,DCAS-noClosure,19,400,1.0,1,83,0.7629651696988846,0.0,413.36513953204997,64.64675077693556,0.12389554057557559,0.19305322128851538,1.3506629613787744,"{""rand1"": 62, ""pbest"": 72, ""closure"": 0, ""local"": 121, ""consensus"": 105}"
MultiShell12,12,DCAS-noClosure,20,400,1.0,1,77,0.8147650576544222,0.0,415.80910103670203,78.55195747557043,0.12284586909924426,0.0,1.3518441370716396,"{""rand1"": 62, ""pbest"": 72, ""closure"": 0, ""local"": 117, ""consensus"": 109}"
MultiShell12,12,DCAS-noClosure,21,400,1.0,1,83,0.8863799183233397,0.0,410.5257504861476,77.37284523463268,0.11969842829966626,0.1357142857142857,1.3601987157852977,"{""rand1"": 66, ""pbest"": 79, ""closure"": 0, ""local"": 122, ""consensus"": 93}"
MultiShell12,12,DCAS-noClosure,22,400,1.0,1,50,0.8494326871594601,0.0,411.0675292382362,63.021090355637966,0.11657131083740864,0.29904761904761906,1.3611154136999932,"{""rand1"": 67, ""pbest"": 79, ""closure"": 0, ""local"": 122, ""consensus"": 92}"
MultiShell12,12,DCAS-noClosure,23,400,1.0,1,80,0.8650239801775278,0.0,411.4368093918976,68.58891992454723,0.1257912418537837,0.47757575757575765,1.3614230727422632,"{""rand1"": 68, ""pbest"": 74, ""closure"": 0, ""local"": 118, ""consensus"": 100}"
MultiShell12,12,DCAS-noClosure,24,400,1.0,1,80,0.8269973277121513,0.0,413.9517028832865,71.13905958861164,0.11864876863267364,0.11428571428571428,1.3656733430625099,"{""rand1"": 65, ""pbest"": 81, ""closure"": 0, ""local"": 110, ""consensus"": 104}"
MultiShell12,12,DCAS-noClosure,25,400,1.0,1,78,0.9025356329045714,0.0,415.6370737411419,72.56396803303346,0.11248911202115061,0.1,1.3699233090816454,"{""rand1"": 66, ""pbest"": 85, ""closure"": 0, ""local"": 105, ""consensus"": 104}"
MultiShell12,12,DCAS-noClosure,26,400,1.0,1,67,0.7685560768554633,0.0,415.47113094096255,64.89049396182585,0.11387614563469381,0.21333333333333332,1.3672662104119055,"{""rand1"": 67, ""pbest"": 80, ""closure"": 0, ""local"": 102, ""consensus"": 111}"
MultiShell12,12,DCAS-noClosure,27,400,1.0,1,50,0.8622624149916447,0.0,417.74482303873117,69.50247949889327,0.11815859349704824,0.0,1.3618298833154494,"{""rand1"": 68, ""pbest"": 76, ""closure"": 0, ""local"": 96, ""consensus"": 120}"
MultiShell12,12,DCAS-noClosure,28,400,1.0,1,84,0.8296447930262789,0.0,414.3963689945534,63.420767668962114,0.12336557542996987,0.3882783882783883,1.3461201488164316,"{""rand1"": 60, ""pbest"": 71, ""closure"": 0, ""local"": 122, ""consensus"": 107}"
MultiShell12,12,DCAS-noClosure,29,400,1.0,1,57,0.6986275142068523,0.0,419.43486779357164,64.59368199580067,0.12296851023583391,0.07333333333333333,1.3458347613031496,"{""rand1"": 60, ""pbest"": 72, ""closure"": 0, ""local"": 103, ""consensus"": 125}"
NarrowCorridor12,12,DCAS-noClosure,0,400,1.0,1,121,1.199771553481957,0.0,412.8877719150265,47.57987906217804,0.12356796131580831,0.7258785502107907,1.3530662474829884,"{""rand1"": 67, ""pbest"": 69, ""closure"": 0, ""local"": 123, ""consensus"": 101}"
NarrowCorridor12,12,DCAS-noClosure,1,400,1.0,1,206,1.0171727272035256,0.0,417.77817132337356,54.03113860858045,0.12371628879640655,0.7236988526735856,1.3470068688191221,"{""rand1"": 63, ""pbest"": 67, ""closure"": 0, ""local"": 114, ""consensus"": 116}"
NarrowCorridor12,12,DCAS-noClosure,2,400,1.0,1,168,1.530379994690927,0.0,410.89696672465374,55.69987554435491,0.11588517104529628,0.7917179338578932,1.3645041016860473,"{""rand1"": 63, ""pbest"": 83, ""closure"": 0, ""local"": 108, ""consensus"": 106}"
NarrowCorridor12,12,DCAS-noClosure,3,400,1.0,1,197,1.1578546849223539,0.0,411.63666459275356,51.27477794266758,0.11962809199373958,0.7575585118893426,1.3615753767821106,"{""rand1"": 62, ""pbest"": 83, ""closure"": 0, ""local"": 115, ""consensus"": 100}"
NarrowCorridor12,12,DCAS-noClosure,4,400,1.0,1,130,1.2776704359505229,0.0,412.2046538318175,51.17053990487469,0.1194729524657145,0.7612117158204115,1.3607240322206102,"{""rand1"": 67, ""pbest"": 74, ""closure"": 0, ""local"": 117, ""consensus"": 102}"
NarrowCorridor12,12,DCAS-noClosure,5,400,1.0,1,170,1.1739655128187587,0.0,415.6205260439735,53.50180297932162,0.11374022888985202,0.8663845718957907,1.3607240322206102,"{""rand1"": 67, ""pbest"": 74, ""closure"": 0, ""local"": 117, ""consensus"": 102}"
NarrowCorridor12,12,DCAS-noClosure,6,400,1.0,1,169,1.2859149940031587,0.0,414.24105395565465,50.47106787025493,0.11461550199853017,0.8941759392098951,1.3644880406714717,"{""rand1"": 64, ""pbest"": 81, ""closure"": 0, ""local"": 108, ""consensus"": 107}"
NarrowCorridor12,12,DCAS-noClosure,7,400,1.0,1,169,1.0441932502937668,0.0,418.7268166598398,56.85907627104793,0.12441055097335993,1.175518247810337,1.3502543702953236,"{""rand1"": 66, ""pbest"": 68, ""closure"": 0, ""local"": 102, ""consensus"": 124}"
NarrowCorridor12,12,DCAS-noClosure,8,400,1.0,1,72,1.1474879817329195,0.0,409.9106431694573,46.55898245153056,0.11714854363922092,0.47523971431172124,1.3633399065413487,"{""rand1"": 69, ""pbest"": 77, ""closure"": 0, ""local"": 120, ""consensus"": 94}"
NarrowCorridor12,12,DCAS-noClosure,9,400,1.0,1,96,1.0598300817445219,0.0,414.26782181354815,45.976291073959516,0.11378571957889774,1.0449534911887526,1.3654866138880877,"{""rand1"": 66, ""pbest"": 79, ""closure"": 0, ""local"": 110, ""consensus"": 105}"
NarrowCorridor12,12,DCAS-noClosure,10,400,1.0,1,179,1.7608248569706384,0.0,413.0903485235993,48.61913292643894,0.11251344204749811,0.8652309229644672,1.3684727385879665,"{""rand1"": 63, ""pbest"": 91, ""closure"": 0, ""local"": 106, ""consensus"": 100}"
NarrowCorridor12,12,DCAS-noClosure,11,400,1.0,1,210,1.2298335364978006,0.0,414.92587649072954,55.83315243507522,0.11799314871200521,0.806059445605818,1.359696141166845,"{""rand1"": 60, ""pbest"": 83, ""closure"": 0, ""local"": 111, ""consensus"": 106}"
NarrowCorridor12,12,DCAS-noClosure,12,400,1.0,1,109,1.4414864147726063,0.0,413.69817572698724,49.9199440568091,0.11876617158877648,1.0975897192732895,1.3606721010608749,"{""rand1"": 64, ""pbest"": 78, ""closure"": 0, ""local"": 116, ""consensus"": 102}"
NarrowCorridor12,12,DCAS-noClosure,13,400,1.0,1,135,1.6585782245436422,0.0,416.133284206801,50.327661382019144,0.11517272305302514,0.557470461227577,1.3669220272808826,"{""rand1"": 71, ""pbest"": 75, ""closure"": 0, ""local"": 100, ""consensus"": 114}"
NarrowCorridor12,12,DCAS-noClosure,14,400,1.0,1,179,1.3420874414050945,0.0,416.1688546444198,48.35629189700039,0.12087484372194582,0.6474134038005005,1.3499149984734822,"{""rand1"": 66, ""pbest"": 66, ""closure"": 0, ""local"": 118, ""consensus"": 110}"
NarrowCorridor12,12,DCAS-noClosure,15,400,1.0,1,141,0.9662575324203011,0.0,417.12603862445553,47.296801236415476,0.11966758785858451,0.6293113291689487,1.355760513898104,"{""rand1"": 62, ""pbest"": 75, ""closure"": 0, ""local"": 111, ""consensus"": 112}"
NarrowCorridor12,12,DCAS-noClosure,16,400,1.0,1,98,1.1913486362265229,0.0,412.5467322509806,46.71697229755603,0.11624189778267431,0.7359243278671934,1.3633756849497216,"{""rand1"": 69, ""pbest"": 76, ""closure"": 0, ""local"": 119, ""consensus"": 96}"
NarrowCorridor12,12,DCAS-noClosure,17,400,1.0,1,83,1.232111019856518,0.0,410.69947219844136,46.058159687097046,0.11393853896429565,0.8368693937193061,1.3664601199245303,"{""rand1"": 68, ""pbest"": 78, ""closure"": 0, ""local"": 113, ""consensus"": 101}"
NarrowCorridor12,12,DCAS-noClosure,18,400,1.0,1,121,1.253297316532155,0.0,416.4946146141626,48.225448882067084,0.11560819374119573,0.6638703603421435,1.36133072146185,"{""rand1"": 69, ""pbest"": 71, ""closure"": 0, ""local"": 111, ""consensus"": 109}"
NarrowCorridor12,12,DCAS-noClosure,19,400,1.0,1,103,1.4321741790506919,0.0,416.5419033455224,47.10394807779114,0.12476371025859818,0.7497403555453092,1.345294978273606,"{""rand1"": 64, ""pbest"": 65, ""closure"": 0, ""local"": 112, ""consensus"": 119}"
NarrowCorridor12,12,DCAS-noClosure,20,400,1.0,1,126,1.1828332953189145,0.0,415.67315921369425,57.05218096280882,0.10874829965249315,0.7528722624291385,1.3657923652352815,"{""rand1"": 67, ""pbest"": 78, ""closure"": 0, ""local"": 104, ""consensus"": 111}"
NarrowCorridor12,12,DCAS-noClosure,21,400,1.0,1,137,1.5798081370795867,0.0,409.9081084953464,46.98281748329219,0.12320449742181398,0.5824658723750267,1.3554398048546652,"{""rand1"": 65, ""pbest"": 75, ""closure"": 0, ""local"": 124, ""consensus"": 96}"
NarrowCorridor12,12,DCAS-noClosure,22,400,1.0,1,159,1.2669936110499072,0.0,417.55155057011456,48.700883387995994,0.11833996022756077,0.5438831016673333,1.3578508933049265,"{""rand1"": 64, ""pbest"": 75, ""closure"": 0, ""local"": 104, ""consensus"": 117}"
NarrowCorridor12,12,DCAS-noClosure,23,400,1.0,1,162,1.2617457272991506,0.0,411.6113974446292,54.2658051707302,0.11345412285339071,0.7471860594998837,1.3664651202953606,"{""rand1"": 69, ""pbest"": 77, ""closure"": 0, ""local"": 114, ""consensus"": 100}"
NarrowCorridor12,12,DCAS-noClosure,24,400,1.0,1,136,1.2614300134075833,0.0,411.0102768789112,54.460308032621775,0.12397099160563699,0.8586727232012275,1.3517269699155041,"{""rand1"": 70, ""pbest"": 65, ""closure"": 0, ""local"": 123, ""consensus"": 102}"
NarrowCorridor12,12,DCAS-noClosure,25,400,1.0,1,142,1.837442097206584,0.0,412.26401272331213,45.99973645581463,0.11765885743684565,0.6924461823971431,1.3626850979996914,"{""rand1"": 67, ""pbest"": 78, ""closure"": 0, ""local"": 119, ""consensus"": 96}"
NarrowCorridor12,12,DCAS-noClosure,26,400,1.0,1,189,1.0844534964375543,0.0,416.0806076379809,50.95977167415121,0.11694051093936982,0.8126335768275093,1.3578869672674845,"{""rand1"": 58, ""pbest"": 85, ""closure"": 0, ""local"": 108, ""consensus"": 109}"
NarrowCorridor12,12,DCAS-noClosure,27,400,1.0,1,151,1.1909192384691871,0.0,417.9528310160027,48.45307677873321,0.11951507762023598,0.7873966158876644,1.359353157295866,"{""rand1"": 69, ""pbest"": 70, ""closure"": 0, ""local"": 105, ""consensus"": 116}"
NarrowCorridor12,12,DCAS-noClosure,28,400,1.0,1,129,1.537745541082532,0.0,414.93986306177464,54.383015290709416,0.12583741495429154,0.622586336508238,1.3471180651834258,"{""rand1"": 58, ""pbest"": 77, ""closure"": 0, ""local"": 125, ""consensus"": 100}"
NarrowCorridor12,12,DCAS-noClosure,29,400,1.0,1,91,1.3704253477688038,0.0,416.514062198675,48.35450585423393,0.11596726255340861,0.659062441797736,1.3607641275189781,"{""rand1"": 70, ""pbest"": 70, ""closure"": 0, ""local"": 105, ""consensus"": 115}"
RotatedBox10,10,DCAS-noClosure,0,400,1.0,1,242,6.104163502002812,0.0,411.1812813060841,45.754764894025,0.11397813159372858,0.2110376315735556,1.3600137988631815,"{""rand1"": 65, ""pbest"": 76, ""closure"": 0, ""local"": 117, ""consensus"": 102}"
RotatedBox10,10,DCAS-noClosure,1,400,1.0,1,281,8.201654398563047,0.0,410.84331352048673,46.55960837289672,0.11421381343371055,0.2010203487441339,1.3617448109038137,"{""rand1"": 64, ""pbest"": 79, ""closure"": 0, ""local"": 115, ""consensus"": 102}"
RotatedBox10,10,DCAS-noClosure,2,400,1.0,1,284,5.12705864047877,0.0,409.18643328399673,52.09421385899874,0.11658287811415857,0.23135399527589678,1.3641639256179845,"{""rand1"": 69, ""pbest"": 75, ""closure"": 0, ""local"": 116, ""consensus"": 100}"
RotatedBox10,10,DCAS-noClosure,3,400,1.0,1,229,6.802450700946402,0.0,413.92261369395527,48.82194446502626,0.11723999751019491,0.30594971027966755,1.354496502991958,"{""rand1"": 63, ""pbest"": 76, ""closure"": 0, ""local"": 98, ""consensus"": 123}"
RotatedBox10,10,DCAS-noClosure,4,400,1.0,1,178,6.570899044467305,0.0,408.5104161246312,46.04827667108367,0.11039458140031491,0.41030996933541014,1.3718340797348203,"{""rand1"": 67, ""pbest"": 88, ""closure"": 0, ""local"": 108, ""consensus"": 97}"
RotatedBox10,10,DCAS-noClosure,5,400,1.0,1,278,7.004038691421045,0.0,409.05914447404814,49.72756808043732,0.11419541521245813,0.248287372757961,1.3673226302466386,"{""rand1"": 69, ""pbest"": 77, ""closure"": 0, ""local"": 111, ""consensus"": 103}"
RotatedBox10,10,DCAS-noClosure,6,400,1.0,1,287,7.182976011857184,0.0,412.479571800544,52.36314138024196,0.11548923239761717,0.2596874400697257,1.3590110832180242,"{""rand1"": 61, ""pbest"": 80, ""closure"": 0, ""local"": 108, ""consensus"": 111}"
RotatedBox10,10,DCAS-noClosure,7,400,1.0,1,287,6.85325352391969,0.0,408.41463682009766,48.82917810636084,0.1144643539624162,0.22701951643128115,1.3596071861921188,"{""rand1"": 65, ""pbest"": 76, ""closure"": 0, ""local"": 118, ""consensus"": 101}"
RotatedBox10,10,DCAS-noClosure,8,400,1.0,1,282,7.319498476497377,0.0,408.4991483608905,48.29263615696781,0.11513329235805043,0.2380549291024673,1.3573420807863505,"{""rand1"": 65, ""pbest"": 75, ""closure"": 0, ""local"": 121, ""consensus"": 99}"
RotatedBox10,10,DCAS-noClosure,9,400,1.0,1,293,9.342917126962966,0.0,409.2747854386267,46.807700176238896,0.10905633563482006,0.23384735393956166,1.3714138335322514,"{""rand1"": 70, ""pbest"": 80, ""closure"": 0, ""local"": 105, ""consensus"": 105}"
RotatedBox10,10,DCAS-noClosure,10,400,1.0,1,143,5.409681432300449,0.0,409.9807859086096,46.050786609084675,0.11295862087940889,0.32101276164274267,1.363659862595642,"{""rand1"": 69, ""pbest"": 73, ""closure"": 0, ""local"": 110, ""consensus"": 108}"
RotatedBox10,10,DCAS-noClosure,11,400,1.0,1,275,6.854589028969251,0.0,416.01466822844156,47.39757470799,0.11278532970129411,0.354498955850349,1.3598597629074212,"{""rand1"": 74, ""pbest"": 67, ""closure"": 0, ""local"": 100, ""consensus"": 119}"
RotatedBox10,10,DCAS-noClosure,12,400,1.0,1,264,7.846923139913315,0.0,412.1858228573624,46.62800850862801,0.1115479763949487,0.19046949127594287,1.3633323645511974,"{""rand1"": 69, ""pbest"": 74, ""closure"": 0, ""local"": 116, ""consensus"": 101}"
RotatedBox10,10,DCAS-noClosure,13,400,1.0,1,218,6.252201613694658,0.0,405.8041893408133,49.50780481346505,0.12435078956256844,0.3558474191842313,1.3518763648981658,"{""rand1"": 67, ""pbest"": 73, ""closure"": 0, ""local"": 129, ""consensus"": 91}"
RotatedBox10,10,DCAS-noClosure,14,400,1.0,1,294,10.375524813463151,0.0,409.325523157775,48.811879749976306,0.11503967957353725,0.3337105990156335,1.3592660525798257,"{""rand1"": 63, ""pbest"": 79, ""closure"": 0, ""local"": 118, ""consensus"": 100}"
RotatedBox10,10,DCAS-noClosure,15,400,1.0,1,279,6.099119105018287,0.0,407.1430440229931,46.877029280337275,0.11071004026881828,0.3112919463074606,1.3672662104119058,"{""rand1"": 67, ""pbest"": 80, ""closure"": 0, ""local"": 111, ""consensus"": 102}"
RotatedBox10,10,DCAS-noClosure,16,400,1.0,1,220,7.020059576973285,0.0,406.8570252211701,49.75645069185571,0.11852928657167386,0.36447309061958294,1.3608041343608712,"{""rand1"": 65, ""pbest"": 81, ""closure"": 0, ""local"": 121, ""consensus"": 93}"
RotatedBox10,10,DCAS-noClosure,17,400,1.0,1,245,6.549657981528293,0.0,410.4341270660076,49.932491229979824,0.11463959376722352,0.3099995175134219,1.3599567764374438,"{""rand1"": 69, ""pbest"": 70, ""closure"": 0, ""local"": 113, ""consensus"": 108}"
RotatedBox10,10,DCAS-noClosure,18,400,1.0,1,205,6.962647125628177,0.0,406.9935568166718,42.776888682625675,0.11540358640714557,0.3640860247882068,1.3630632426869913,"{""rand1"": 69, ""pbest"": 80, ""closure"": 0, ""local"": 122, ""consensus"": 89}"
RotatedBox10,10,DCAS-noClosure,19,400,1.0,1,241,6.449181194441507,0.0,411.63575515942034,47.58849717247204,0.11527523229367447,0.26136181316281676,1.3566804192180393,"{""rand1"": 65, ""pbest"": 72, ""closure"": 0, ""local"": 115, ""consensus"": 108}"
RotatedBox10,10,DCAS-noClosure,20,400,1.0,1,203,6.560053480722878,0.0,408.11626783972275,52.36586016144701,0.11599108647878383,0.3348789434238351,1.3623567667121632,"{""rand1"": 61, ""pbest"": 86, ""closure"": 0, ""local"": 113, ""consensus"": 100}"
RotatedBox10,10,DCAS-noClosure,21,400,1.0,1,241,5.154791284738959,0.0,410.20620600277914,51.75352962841628,0.10964873041004257,0.31863120994436495,1.3723661979723574,"{""rand1"": 68, ""pbest"": 85, ""closure"": 0, ""local"": 103, ""consensus"": 104}"
RotatedBox10,10,DCAS-noClosure,22,400,1.0,1,166,7.141386816299141,0.0,408.8111267761876,44.591508827491445,0.11658795077287751,0.536634913787951,1.3606952960744987,"{""rand1"": 63, ""pbest"": 79, ""closure"": 0, ""local"": 114, ""consensus"": 104}"
RotatedBox10,10,DCAS-noClosure,23,400,1.0,1,234,5.40436408736082,0.0,406.5731732110531,49.77465529038134,0.11997354853749206,0.27577698771816417,1.3556255236018373,"{""rand1"": 71, ""pbest"": 67, ""closure"": 0, ""local"": 122, ""consensus"": 100}"
RotatedBox10,10,DCAS-noClosure,24,400,1.0,1,244,6.120933077748115,0.0,410.85172125315756,50.057671932901684,0.11998969288040787,0.31316538353620144,1.347691008067262,"{""rand1"": 61, ""pbest"": 71, ""closure"": 0, ""local"": 122, ""consensus"": 106}"
RotatedBox10,10,DCAS-noClosure,25,400,1.0,1,286,8.969287992004979,0.0,409.55571478223516,47.60050885069367,0.1219982461093185,0.18872825478996083,1.3476861880691935,"{""rand1"": 68, ""pbest"": 66, ""closure"": 0, ""local"": 128, ""consensus"": 98}"
RotatedBox10,10,DCAS-noClosure,26,400,1.0,1,252,6.462752109057427,0.0,414.44665776444225,49.77776357770426,0.11328387110884894,0.30010527203930504,1.3660897123856806,"{""rand1"": 71, ""pbest"": 75, ""closure"": 0, ""local"": 98, ""consensus"": 116}"
RotatedBox10,10,DCAS-noClosure,27,400,1.0,1,170,6.141828888115585,0.0,407.5775431533611,45.28495012870032,0.11350910227331117,0.3821172960818422,1.3664402906049775,"{""rand1"": 67, ""pbest"": 81, ""closure"": 0, ""local"": 115, ""consensus"": 97}"
RotatedBox10,10,DCAS-noClosure,28,400,1.0,1,222,7.310641806373612,0.0,408.19311808675525,50.51783218992821,0.1159694858604275,0.29349007789410264,1.3643294793145488,"{""rand1"": 74, ""pbest"": 71, ""closure"": 0, ""local"": 118, ""consensus"": 97}"
RotatedBox10,10,DCAS-noClosure,29,400,1.0,1,278,7.429596508583533,0.0,409.2280776006104,48.03539708350022,0.11834800678541513,0.26383411512044797,1.3605515612096974,"{""rand1"": 60, ""pbest"": 84, ""closure"": 0, ""local"": 109, ""consensus"": 107}"
RotatedEllipsoid20,20,DCAS-noClosure,0,400,1.0,1,166,10.07804933700775,0.0,421.8259461758285,67.50814601314981,0.12875474373226922,0.5821816906027433,1.3243726726015763,"{""rand1"": 56, ""pbest"": 64, ""closure"": 0, ""local"": 134, ""consensus"": 106}"
RotatedEllipsoid20,20,DCAS-noClosure,1,400,1.0,1,182,11.913439420093773,0.0,425.7952646912956,77.2768495749084,0.13342544463868852,0.17619047619047618,1.330854532206661,"{""rand1"": 61, ""pbest"": 60, ""closure"": 0, ""local"": 114, ""consensus"": 125}"
RotatedEllipsoid20,20,DCAS-noClosure,2,400,1.0,1,165,16.64008632077319,0.0,427.27774940416396,70.8360527406959,0.12428406029954757,0.3254781136549768,1.3498008800795567,"{""rand1"": 61, ""pbest"": 72, ""closure"": 0, ""local"": 108, ""consensus"": 119}"
RotatedEllipsoid20,20,DCAS-noClosure,3,400,1.0,1,144,11.23438485420297,0.0,426.6160192103393,79.46967420398914,0.12453632127410189,0.28131781262216043,1.342398241744526,"{""rand1"": 54, ""pbest"": 77, ""closure"": 0, ""local"": 109, ""consensus"": 120}"
RotatedEllipsoid20,20,DCAS-noClosure,4,400,1.0,1,140,8.250365910599271,0.0,426.82815230357465,71.13839067175518,0.12737690033581822,0.6675534143276078,1.3400374820349095,"{""rand1"": 61, ""pbest"": 65, ""closure"": 0, ""local"": 113, ""consensus"": 121}"
RotatedEllipsoid20,20,DCAS-noClosure,5,400,1.0,1,151,15.552937610396608,0.0,426.577876416972,75.88375723237121,0.13535350765155657,0.47179664779664776,1.334457675120111,"{""rand1"": 57, ""pbest"": 67, ""closure"": 0, ""local"": 110, ""consensus"": 126}"
RotatedEllipsoid20,20,DCAS-noClosure,6,400,1.0,1,132,9.33617537932815,0.0,425.3810074017537,66.615038294292,0.1199002197545483,0.6387316133104539,1.3482689837802784,"{""rand1"": 60, ""pbest"": 73, ""closure"": 0, ""local"": 105, ""consensus"": 122}"
RotatedEllipsoid20,20,DCAS-noClosure,7,400,1.0,1,231,8.784735243431815,0.0,422.70822153502917,73.47916056807306,0.1282156486944053,0.36888758300523006,1.3236714401284466,"{""rand1"": 59, ""pbest"": 61, ""closure"": 0, ""local"": 136, ""consensus"": 104}"
RotatedEllipsoid20,20,DCAS-noClosure,8,400,1.0,1,135,16.197219370934572,0.0,425.65557481887436,75.50063746145779,0.12826482984216753,0.4209305477131564,1.3527645267523831,"{""rand1"": 66, ""pbest"": 73, ""closure"": 0, ""local"": 94, ""consensus"": 127}"
RotatedEllipsoid20,20,DCAS-noClosure,9,400,1.0,1,184,13.79255920658275,0.0,424.344561770529,67.2770303674307,0.12652457860707722,0.5513371752675658,1.353051777521121,"{""rand1"": 62, ""pbest"": 74, ""closure"": 0, ""local"": 104, ""consensus"": 120}"
RotatedEllipsoid20,20,DCAS-noClosure,10,400,1.0,1,175,24.500787609142396,0.0,431.9815360480095,67.9209316005885,0.13473377662567426,0.4291916151689826,1.333235365636497,"{""rand1"": 61, ""pbest"": 70, ""closure"": 0, ""local"": 90, ""consensus"": 139}"
RotatedEllipsoid20,20,DCAS-noClosure,11,400,1.0,1,177,22.263996410653675,0.0,424.33233682064173,70.46423599637409,0.13008770726484817,0.4792913572913573,1.3391028578167508,"{""rand1"": 57, ""pbest"": 70, ""closure"": 0, ""local"": 124, ""consensus"": 109}"
RotatedEllipsoid20,20,DCAS-noClosure,12,400,1.0,1,89,18.683793999814117,0.0,417.738652606181,55.76306016971936,0.11997424331005133,0.678307920142297,1.3558470131763734,"{""rand1"": 60, ""pbest"": 83, ""closure"": 0, ""local"": 121, ""consensus"": 96}"
RotatedEllipsoid20,20,DCAS-noClosure,13,400,1.0,1,160,14.032571791966207,0.0,427.52360862921694,72.36855570795731,0.1295993403270856,0.42089829035062304,1.3216324581948184,"{""rand1"": 59, ""pbest"": 57, ""closure"": 0, ""local"": 122, ""consensus"": 122}"
RotatedEllipsoid20,20,DCAS-noClosure,14,400,1.0,1,136,11.362327668036126,0.0,422.2022916990154,71.81244060793428,0.11975685712904657,0.23075620032141764,1.3567822646847383,"{""rand1"": 60, ""pbest"": 80, ""closure"": 0, ""local"": 115, ""consensus"": 105}"
RotatedEllipsoid20,20,DCAS-noClosure,15,400,1.0,1,136,15.559667918535006,0.0,427.0293333411248,53.60463787061565,0.11939380949275721,0.5402288775599334,1.3623321547341707,"{""rand1"": 63, ""pbest"": 84, ""closure"": 0, ""local"": 96, ""consensus"": 117}"
RotatedEllipsoid20,20,DCAS-noClosure,16,400,1.0,1,182,13.184836242362787,0.0,423.53756071726565,76.04664178253365,0.13045628622124808,0.40308214975042844,1.3425568771269858,"{""rand1"": 59, ""pbest"": 70, ""closure"": 0, ""local"": 124, ""consensus"": 107}"
RotatedEllipsoid20,20,DCAS-noClosure,17,400,1.0,1,170,24.33003053737844,0.0,426.8819639684075,70.79240266719715,0.12886685856296426,0.6813283732465318,1.3215749877703022,"{""rand1"": 52, ""pbest"": 65, ""closure"": 0, ""local"": 119, ""consensus"": 124}"
RotatedEllipsoid20,20,DCAS-noClosure,18,400,1.0,1,120,9.613361166832465,0.0,418.7091138996494,78.76050570262083,0.12173890972750026,0.3091575091575091,1.3369795713371488,"{""rand1"": 59, ""pbest"": 74, ""closure"": 0, ""local"": 136, ""consensus"": 91}"
RotatedEllipsoid20,20,DCAS-noClosure,19,400,1.0,1,183,17.362331123335416,0.0,427.56260545683944,78.47688525857545,0.13055277758612735,0.642443737226346,1.3150486641098684,"{""rand1"": 51, ""pbest"": 64, ""closure"": 0, ""local"": 133, ""consensus"": 112}"
RotatedEllipsoid20,20,DCAS-noClosure,20,400,1.0,1,124,17.684747869232876,0.0,426.0864975874635,74.20483942110627,0.1279194651529819,0.3032342394447657,1.3411260255467559,"{""rand1"": 56, ""pbest"": 73, ""closure"": 0, ""local"": 108, ""consensus"": 123}"
RotatedEllipsoid20,20,DCAS-noClosure,21,400,1.0,1,154,18.76180813673116,0.0,422.69463011213116,63.2193700726408,0.12003293764936214,0.6058196182902066,1.3621452979469146,"{""rand1"": 63, ""pbest"": 80, ""closure"": 0, ""local"": 110, ""consensus"": 107}"
RotatedEllipsoid20,20,DCAS-noClosure,22,400,1.0,1,102,14.112463987561172,0.0,427.2742107199776,75.36177171694386,0.13112797192876893,0.4014595311808934,1.325649059861394,"{""rand1"": 59, ""pbest"": 59, ""closure"": 0, ""local"": 119, ""consensus"": 123}"
RotatedEllipsoid20,20,DCAS-noClosure,23,400,1.0,1,116,8.03920712431837,0.0,421.8804096445524,80.85043041481367,0.12703032099643102,0.2349920255183413,1.32059328064306,"{""rand1"": 57, ""pbest"": 60, ""closure"": 0, ""local"": 133, ""consensus"": 110}"
RotatedEllipsoid20,20,DCAS-noClosure,24,400,1.0,1,163,13.56429385282492,0.0,424.02915777954775,64.53296887482806,0.12267998136707503,0.6731642515969304,1.3452770568382104,"{""rand1"": 62, ""pbest"": 67, ""closure"": 0, ""local"": 117, ""consensus"": 114}"
RotatedEllipsoid20,20,DCAS-noClosure,25,400,1.0,1,123,11.487515241320864,0.0,422.83587250780937,69.70370895556805,0.12364262027171505,0.3939935227191599,1.3417516918821897,"{""rand1"": 65, ""pbest"": 65, ""closure"": 0, ""local"": 130, ""consensus"": 100}"
RotatedEllipsoid20,20,DCAS-noClosure,26,400,1.0,1,170,11.001643327351552,0.0,426.7165906912969,81.26912413052818,0.12684774312668418,0.3396992481203007,1.3333506592546565,"{""rand1"": 53, ""pbest"": 71, ""closure"": 0, ""local"": 120, ""consensus"": 116}"
RotatedEllipsoid20,20,DCAS-noClosure,27,400,1.0,1,142,11.019303855049108,0.0,421.7309682155423,65.61528907360065,0.12861443524787358,0.44202252606728304,1.325901205786255,"{""rand1"": 53, ""pbest"": 68, ""closure"": 0, ""local"": 131, ""consensus"": 108}"
RotatedEllipsoid20,20,DCAS-noClosure,28,400,1.0,1,123,12.762255363178946,0.0,418.4219546383885,89.44595447219054,0.1318436176311532,0.17117647058823532,1.3199113561957274,"{""rand1"": 67, ""pbest"": 58, ""closure"": 0, ""local"": 145, ""consensus"": 90}"
RotatedEllipsoid20,20,DCAS-noClosure,29,400,1.0,1,131,11.77207854746683,0.0,425.003432634138,80.43336520001897,0.13792250508406517,0.278802414976328,1.3105446925150215,"{""rand1"": 53, ""pbest"": 58, ""closure"": 0, ""local"": 126, ""consensus"": 123}"
SparseFeasible20,20,DCAS-noClosure,0,400,1.0,1,230,2.91125162448373,0.0,424.5280567431612,48.90533083102513,0.12054064647228342,0.45860076579772874,1.3512151777488846,"{""rand1"": 60, ""pbest"": 74, ""closure"": 0, ""local"": 114, ""consensus"": 112}"
SparseFeasible20,20,DCAS-noClosure,1,400,1.0,1,358,3.5972758661457758,0.0,427.77434763709874,49.678968660302324,0.11702571817967408,0.13999999999999999,1.3534905543918254,"{""rand1"": 67, ""pbest"": 70, ""closure"": 0, ""local"": 99, ""consensus"": 124}"
SparseFeasible20,20,DCAS-noClosure,2,400,1.0,1,285,2.979274945857914,0.0,432.11426196734897,51.23946696408281,0.12119875838732372,0.3499104928207095,1.342586918964084,"{""rand1"": 59, ""pbest"": 79, ""closure"": 0, ""local"": 89, ""consensus"": 133}"
SparseFeasible20,20,DCAS-noClosure,3,400,1.0,1,240,3.0935994558959363,0.0,426.40703600960336,50.21889109686876,0.12103487996400893,0.47086018663268236,1.3539530248184204,"{""rand1"": 65, ""pbest"": 70, ""closure"": 0, ""local"": 108, ""consensus"": 117}"
SparseFeasible20,20,DCAS-noClosure,4,400,1.0,1,172,2.801686847157422,0.0,427.74432648530086,47.57807637535832,0.1169286132159009,0.41878560943077076,1.3559512487805085,"{""rand1"": 66, ""pbest"": 72, ""closure"": 0, ""local"": 101, ""consensus"": 121}"
SparseFeasible20,20,DCAS-noClosure,5,400,1.0,1,283,4.505233823442735,0.0,429.9429130447462,50.18327783129152,0.11887153700918149,0.39564411824473744,1.3519283710611,"{""rand1"": 61, ""pbest"": 78, ""closure"": 0, ""local"": 96, ""consensus"": 125}"
SparseFeasible20,20,DCAS-noClosure,6,400,1.0,1,284,3.4177271945538434,0.0,426.23974611088477,51.79625308538792,0.1197017086366037,0.37634652981427175,1.355117792434966,"{""rand1"": 61, ""pbest"": 84, ""closure"": 0, ""local"": 91, ""consensus"": 124}"
SparseFeasible20,20,DCAS-noClosure,7,400,1.0,1,331,3.1887972794754407,0.0,428.32688455854384,49.26882239310148,0.11737872099598423,0.2911442049986942,1.3534330794658598,"{""rand1"": 66, ""pbest"": 74, ""closure"": 0, ""local"": 93, ""consensus"": 127}"
SparseFeasible20,20,DCAS-noClosure,8,400,1.0,1,293,3.9912046708418436,0.0,429.58605130755814,45.5937597839859,0.11739305869826551,0.3355972217891723,1.3572014659482474,"{""rand1"": 66, ""pbest"": 75, ""closure"": 0, ""local"": 96, ""consensus"": 123}"
SparseFeasible20,20,DCAS-noClosure,9,400,1.0,1,321,4.288151875914879,0.0,428.1541607579487,50.09174519367414,0.12124096716611825,0.14815958815958816,1.3457991182249174,"{""rand1"": 63, ""pbest"": 69, ""closure"": 0, ""local"": 101, ""consensus"": 127}"
SparseFeasible20,20,DCAS-noClosure,10,400,1.0,1,221,2.748363067439247,0.0,422.37190259911745,51.32018230804312,0.12412776534650986,0.6466020417723203,1.346213183684094,"{""rand1"": 62, ""pbest"": 68, ""closure"": 0, ""local"": 120, ""consensus"": 110}"
SparseFeasible20,20,DCAS-noClosure,11,400,1.0,1,358,4.38830605155084,0.0,426.60342273149394,47.106321628039126,0.11640345540684549,0.09241346609767664,1.3512151777488843,"{""rand1"": 60, ""pbest"": 74, ""closure"": 0, ""local"": 112, ""consensus"": 114}"
SparseFeasible20,20,DCAS-noClosure,12,400,1.0,1,280,4.757441842447633,0.0,430.6876132203397,49.435166152274554,0.11447827642598374,0.3780981141971854,1.3628685101107523,"{""rand1"": 71, ""pbest"": 76, ""closure"": 0, ""local"": 91, ""consensus"": 122}"
SparseFeasible20,20,DCAS-noClosure,13,400,1.0,1,313,3.2197322491342497,0.0,428.7717012569405,49.525243467068336,0.1197007689599674,0.16521008403361342,1.3502218446724479,"{""rand1"": 59, ""pbest"": 75, ""closure"": 0, ""local"": 109, ""consensus"": 117}"
SparseFeasible20,20,DCAS-noClosure,14,400,1.0,1,315,4.779871980743097,0.0,427.49338823632735,45.794443057876116,0.11727911970216627,0.24654421917579813,1.3555526019641744,"{""rand1"": 66, ""pbest"": 70, ""closure"": 0, ""local"": 108, ""consensus"": 116}"
SparseFeasible20,20,DCAS-noClosure,15,400,1.0,1,291,3.7062781614614257,0.0,425.9596838502182,50.63308500693152,0.11644554783376249,0.12380275011853961,1.3598497651367223,"{""rand1"": 60, ""pbest"": 83, ""closure"": 0, ""local"": 108, ""consensus"": 109}"
SparseFeasible20,20,DCAS-noClosure,16,400,1.0,1,315,3.256684027728047,0.0,427.8212517157547,49.942769326434586,0.11555302437328704,0.289900153609831,1.3572898061694705,"{""rand1"": 66, ""pbest"": 81, ""closure"": 0, ""local"": 87, ""consensus"": 126}"
SparseFeasible20,20,DCAS-noClosure,17,400,1.0,1,204,3.2082528203292564,0.0,420.47391788101424,48.20623991824306,0.12064604922122583,0.5219832725143322,1.3559512487805085,"{""rand1"": 66, ""pbest"": 72, ""closure"": 0, ""local"": 121, ""consensus"": 101}"
SparseFeasible20,20,DCAS-noClosure,18,400,1.0,1,291,4.579255317153097,0.0,432.03199068048406,49.512760603674884,0.1223105546337103,0.26329169505640093,1.347462789275225,"{""rand1"": 63, ""pbest"": 70, ""closure"": 0, ""local"": 101, ""consensus"": 126}"
SparseFeasible20,20,DCAS-noClosure,19,400,1.0,1,303,2.7870287741143693,0.0,426.4549322484159,51.380779736801585,0.11617758453690263,0.18602119400506495,1.3634544529346533,"{""rand1"": 67, ""pbest"": 76, ""closure"": 0, ""local"": 103, ""consensus"": 114}"
SparseFeasible20,20,DCAS-noClosure,20,400,1.0,1,276,3.642840939528989,0.0,427.2490039245723,50.38832529842973,0.11609531602653689,0.3489010646286188,1.363257087212473,"{""rand1"": 63, ""pbest"": 83, ""closure"": 0, ""local"": 100, ""consensus"": 114}"
SparseFeasible20,20,DCAS-noClosure,21,400,1.0,1,285,2.736019098467129,0.0,429.74422778332644,49.33135003144485,0.11969229061877648,0.2538255306167365,1.3511695337437732,"{""rand1"": 61, ""pbest"": 78, ""closure"": 0, ""local"": 95, ""consensus"": 126}"
SparseFeasible20,20,DCAS-noClosure,22,400,1.0,1,264,4.397432160319813,0.0,428.3506655100531,48.86169573591163,0.11703592998730591,0.30883195514774464,1.359566046803636,"{""rand1"": 67, ""pbest"": 72, ""closure"": 0, ""local"": 107, ""consensus"": 114}"
SparseFeasible20,20,DCAS-noClosure,23,400,1.0,1,246,2.4117546392343594,0.0,421.16093031902545,52.532549375572515,0.12207769814000938,0.5132277231621531,1.3556255236018373,"{""rand1"": 67, ""pbest"": 71, ""closure"": 0, ""local"": 122, ""consensus"": 100}"
SparseFeasible20,20,DCAS-noClosure,24,400,1.0,1,348,3.840177339864247,0.0,425.3016015696801,49.07383028600372,0.11433884091520766,0.2867126235547288,1.3659273363098197,"{""rand1"": 72, ""pbest"": 72, ""closure"": 0, ""local"": 105, ""consensus"": 111}"
SparseFeasible20,20,DCAS-noClosure,25,400,1.0,1,290,3.7855082213311624,0.0,427.66822509840057,50.11068341103912,0.11833631285046287,0.2911241537866925,1.3559512487805085,"{""rand1"": 66, ""pbest"": 72, ""closure"": 0, ""local"": 101, ""consensus"": 121}"
SparseFeasible20,20,DCAS-noClosure,26,400,1.0,1,338,3.0401113255466146,0.0,426.6401131618193,51.31442805319759,0.11799158978109085,0.2787493643917792,1.3508297339685849,"{""rand1"": 58, ""pbest"": 77, ""closure"": 0, ""local"": 115, ""consensus"": 110}"
SparseFeasible20,20,DCAS-noClosure,27,400,1.0,1,231,3.467132757922296,0.0,421.19623983552543,50.33378961998316,0.1130827830889219,0.3217137946815057,1.3656391403617079,"{""rand1"": 61, ""pbest"": 94, ""closure"": 0, ""local"": 96, ""consensus"": 109}"
SparseFeasible20,20,DCAS-noClosure,28,400,1.0,1,323,5.275645426966896,0.0,421.33566686547334,49.11445236225089,0.11241066387222447,0.18417769996717365,1.3684922127853176,"{""rand1"": 67, ""pbest"": 82, ""closure"": 0, ""local"": 111, ""consensus"": 100}"
SparseFeasible20,20,DCAS-noClosure,29,400,1.0,1,327,3.856984550330192,0.0,429.07404623078986,46.02752608390181,0.12454749572477677,0.10836550836550836,1.346098039265938,"{""rand1"": 67, ""pbest"": 69, ""closure"": 0, ""local"": 92, ""consensus"": 132}"
TwoBasin8,8,DCAS-noClosure,0,400,1.0,1,179,0.2398926749206593,0.0,410.349599331925,74.93200891307863,0.1259581494984898,0.5018712931084848,1.332037223653821,"{""rand1"": 64, ""pbest"": 76, ""closure"": 0, ""local"": 143, ""consensus"": 77}"
TwoBasin8,8,DCAS-noClosure,1,400,1.0,1,131,0.9007460378559039,0.0,406.8348504424823,59.774553790449026,0.12364873339020806,0.05067669172932334,1.357655450784614,"{""rand1"": 63, ""pbest"": 79, ""closure"": 0, ""local"": 121, ""consensus"": 97}"
TwoBasin8,8,DCAS-noClosure,2,400,1.0,1,105,0.9076023840844039,0.0,408.6911301778255,62.07651754503807,0.11707067462774887,0.18320520719950037,1.3634288024578551,"{""rand1"": 74, ""pbest"": 70, ""closure"": 0, ""local"": 118, ""consensus"": 98}"
TwoBasin8,8,DCAS-noClosure,3,400,1.0,1,167,0.18272788008715019,0.0,401.885920640325,53.1795143537997,0.1257806859467329,0.36162476670216603,1.3582750567398643,"{""rand1"": 68, ""pbest"": 79, ""closure"": 0, ""local"": 126, ""consensus"": 87}"
TwoBasin8,8,DCAS-noClosure,4,400,1.0,1,144,0.16084694901609195,0.0,404.3177762767444,65.81527971938368,0.13063447694111927,0.18975196612220208,1.3531372454574695,"{""rand1"": 71, ""pbest"": 69, ""closure"": 0, ""local"": 128, ""consensus"": 92}"
TwoBasin8,8,DCAS-noClosure,5,400,1.0,1,108,0.1966037706170833,0.0,405.2328077924532,44.64593172580645,0.12635120915165227,0.22838411728966443,1.35002351383663,"{""rand1"": 63, ""pbest"": 79, ""closure"": 0, ""local"": 130, ""consensus"": 88}"
TwoBasin8,8,DCAS-noClosure,6,400,1.0,1,167,0.18213954949053873,0.0,404.0484482841192,54.99317278202105,0.13185349963455922,0.384186015952306,1.3444187127152494,"{""rand1"": 66, ""pbest"": 73, ""closure"": 0, ""local"": 135, ""consensus"": 86}"
TwoBasin8,8,DCAS-noClosure,7,400,1.0,1,203,0.936329064444888,0.0,406.7297539558253,56.28785048456833,0.11865382726558231,0.28500181800773794,1.3562739619027444,"{""rand1"": 72, ""pbest"": 68, ""closure"": 0, ""local"": 124, ""consensus"": 96}"
TwoBasin8,8,DCAS-noClosure,8,400,1.0,1,156,0.17360753749648902,0.0,404.0121002069129,64.87029658697357,0.12285326829541283,0.22707923655292075,1.3553267172803067,"{""rand1"": 65, ""pbest"": 76, ""closure"": 0, ""local"": 125, ""consensus"": 94}"
TwoBasin8,8,DCAS-noClosure,9,400,1.0,1,173,0.171376969161048,0.0,401.67869956365183,60.835056679438786,0.11604843260824445,0.32829331149497687,1.3555615271530583,"{""rand1"": 63, ""pbest"": 91, ""closure"": 0, ""local"": 125, ""consensus"": 81}"
TwoBasin8,8,DCAS-noClosure,10,400,1.0,1,147,0.9142086303694401,0.0,408.2751451689245,62.327308415760136,0.11530436243694028,0.37741147741147746,1.3633663850129418,"{""rand1"": 65, ""pbest"": 78, ""closure"": 0, ""local"": 109, ""consensus"": 108}"
TwoBasin8,8,DCAS-noClosure,11,400,1.0,1,122,0.8847337076819416,0.0,402.4212014187932,63.324884680076465,0.11467330041387255,0.17906367825722666,1.366807318142357,"{""rand1"": 68, ""pbest"": 88, ""closure"": 0, ""local"": 118, ""consensus"": 86}"
TwoBasin8,8,DCAS-noClosure,12,400,1.0,1,167,0.21421894142272768,0.0,411.91128906743813,57.557604401158635,0.11958956405199092,0.4337503722503223,1.3516436058309287,"{""rand1"": 60, ""pbest"": 75, ""closure"": 0, ""local"": 118, ""consensus"": 107}"
TwoBasin8,8,DCAS-noClosure,13,400,1.0,1,92,0.9527079377419255,0.0,402.97090296876945,58.99624872359936,0.13714905296176835,0.13911161302465647,1.33365344208352,"{""rand1"": 61, ""pbest"": 69, ""closure"": 0, ""local"": 138, ""consensus"": 92}"
TwoBasin8,8,DCAS-noClosure,14,400,1.0,1,208,0.16267509355552595,0.0,410.86645972259424,67.43291907831163,0.12142058939313298,0.1138265851795263,1.3372648203478947,"{""rand1"": 56, ""pbest"": 70, ""closure"": 0, ""local"": 124, ""consensus"": 110}"
TwoBasin8,8,DCAS-noClosure,15,400,1.0,1,10,0.88005961159391,0.0,402.39604537318564,59.24560034335159,0.12155136861777852,0.07636363636363637,1.3696366334741572,"{""rand1"": 68, ""pbest"": 95, ""closure"": 0, ""local"": 113, ""consensus"": 84}"
TwoBasin8,8,DCAS-noClosure,16,400,1.0,1,209,0.19043284335738425,0.0,408.4723269059488,60.1777304061613,0.11329642121952946,0.30511445957693417,1.3657473257522426,"{""rand1"": 69, ""pbest"": 78, ""closure"": 0, ""local"": 117, ""consensus"": 96}"
TwoBasin8,8,DCAS-noClosure,17,400,1.0,1,193,0.9373161462194287,0.0,404.7395923844052,60.62569578601612,0.12507832304050265,0.222831912669374,1.3390297093760024,"{""rand1"": 66, ""pbest"": 70, ""closure"": 0, ""local"": 138, ""consensus"": 86}"
TwoBasin8,8,DCAS-noClosure,18,400,1.0,1,92,0.17673192946609345,0.0,403.67940490390447,60.80639223085556,0.12592363553657598,0.15741765480895917,1.3535391547265005,"{""rand1"": 66, ""pbest"": 72, ""closure"": 0, ""local"": 125, ""consensus"": 97}"
TwoBasin8,8,DCAS-noClosure,19,400,1.0,1,165,0.24135695655663786,0.0,406.37055020313744,48.00784975865689,0.11379973076937533,0.24850949172156606,1.3639988241753103,"{""rand1"": 69, ""pbest"": 74, ""closure"": 0, ""local"": 114, ""consensus"": 103}"
TwoBasin8,8,DCAS-noClosure,20,400,1.0,1,143,0.17684981279119405,0.0,405.4271829304326,57.85356837672087,0.11924485733306427,0.2654568238778765,1.366904941586732,"{""rand1"": 68, ""pbest"": 81, ""closure"": 0, ""local"": 116, ""consensus"": 95}"
TwoBasin8,8,DCAS-noClosure,21,400,1.0,1,94,0.9154159944727241,0.0,405.1317568137106,52.072685841016664,0.12173218644037864,0.1255748874448565,1.3485105894366431,"{""rand1"": 61, ""pbest"": 75, ""closure"": 0, ""local"": 127, ""consensus"": 97}"
TwoBasin8,8,DCAS-noClosure,22,400,1.0,1,164,0.9166983060892842,0.0,400.1887474895237,67.71665626015452,0.12625506966598224,0.18353845844557914,1.3465327565536795,"{""rand1"": 63, ""pbest"": 85, ""closure"": 0, ""local"": 133, ""consensus"": 79}"
TwoBasin8,8,DCAS-noClosure,23,400,1.0,1,123,0.9405019768387827,0.0,408.13346315184714,59.81423449691134,0.11602409790815837,0.30723981900452485,1.3631136102070696,"{""rand1"": 67, ""pbest"": 75, ""closure"": 0, ""local"": 111, ""consensus"": 107}"
TwoBasin8,8,DCAS-noClosure,24,400,1.0,1,105,0.9005480456244347,0.0,406.3978993068151,58.88394647320996,0.11795840435443421,0.21377863966099264,1.3579331656461324,"{""rand1"": 69, ""pbest"": 73, ""closure"": 0, ""local"": 124, ""consensus"": 94}"
TwoBasin8,8,DCAS-noClosure,25,400,1.0,1,178,0.21119799917973983,0.0,412.7024223930163,55.124602950742094,0.11715353080384097,0.20668821433439125,1.3535716645958913,"{""rand1"": 69, ""pbest"": 68, ""closure"": 0, ""local"": 99, ""consensus"": 124}"
TwoBasin8,8,DCAS-noClosure,26,400,1.0,1,135,0.1600906476894283,0.0,408.12328981259117,65.35630143353404,0.12494313695309875,0.15831579192024406,1.352074262069562,"{""rand1"": 62, ""pbest"": 73, ""closure"": 0, ""local"": 120, ""consensus"": 105}"
TwoBasin8,8,DCAS-noClosure,27,400,1.0,1,70,0.17420645366033302,0.0,406.0820711605337,51.82521890223514,0.11609402835454827,0.12186413586413587,1.366659454950864,"{""rand1"": 74, ""pbest"": 71, ""closure"": 0, ""local"": 112, ""consensus"": 103}"
TwoBasin8,8,DCAS-noClosure,28,400,1.0,1,250,0.16875455515430754,0.0,407.47429747418585,62.470372819589365,0.1278449482690738,0.17215625791477182,1.3335453677769045,"{""rand1"": 60, ""pbest"": 69, ""closure"": 0, ""local"": 137, ""consensus"": 94}"
TwoBasin8,8,DCAS-noClosure,29,400,1.0,1,165,0.16199067360803315,0.0,405.28103928854176,66.45965039331922,0.13295029695984112,0.26840101075395195,1.333015184061098,"{""rand1"": 63, ""pbest"": 67, ""closure"": 0, ""local"": 139, ""consensus"": 91}"
WeldedBeam,4,DCAS-noClosure,0,400,1.0,1,7,2.3143859697086104,0.0,402.6699752356825,50.61733905462062,0.11397710571348482,0.0,1.3518736898822663,"{""rand1"": 86, ""pbest"": 73, ""closure"": 0, ""local"": 131, ""consensus"": 70}"
WeldedBeam,4,DCAS-noClosure,1,400,1.0,1,2,2.4564641020713873,0.0,400.7127770328562,51.616040851848226,0.11045195238515415,0.0,1.3615347842842325,"{""rand1"": 68, ""pbest"": 92, ""closure"": 0, ""local"": 122, ""consensus"": 78}"
WeldedBeam,4,DCAS-noClosure,2,400,1.0,1,4,3.9703080508875495,0.0,398.3432915522578,49.63455109209996,0.10665865686035661,0.040000000000000015,1.3687685826066842,"{""rand1"": 86, ""pbest"": 81, ""closure"": 0, ""local"": 119, ""consensus"": 74}"
WeldedBeam,4,DCAS-noClosure,3,400,1.0,1,4,2.109052141014322,0.0,393.9672511215382,64.97070796581876,0.12163154561979331,0.0,1.3240086784776977,"{""rand1"": 72, ""pbest"": 78, ""closure"": 0, ""local"": 147, ""consensus"": 63}"
WeldedBeam,4,DCAS-noClosure,4,400,1.0,1,7,3.3375788226983225,0.0,398.087387800384,56.264422151986516,0.11819927241994288,0.0,1.3334278656250316,"{""rand1"": 77, ""pbest"": 69, ""closure"": 0, ""local"": 143, ""consensus"": 71}"
WeldedBeam,4,DCAS-noClosure,5,400,1.0,1,3,2.5151609963024866,0.0,399.54834491876306,53.286083923095404,0.11724329500472178,0.08,1.3417808973014047,"{""rand1"": 70, ""pbest"": 81, ""closure"": 0, ""local"": 138, ""consensus"": 71}"
WeldedBeam,4,DCAS-noClosure,6,400,1.0,1,8,2.574639143062131,0.0,396.4210356837066,61.76288897235453,0.11846512981660236,0.0,1.3416664529569755,"{""rand1"": 76, ""pbest"": 79, ""closure"": 0, ""local"": 138, ""consensus"": 67}"
WeldedBeam,4,DCAS-noClosure,7,400,1.0,1,4,2.6720762979141686,0.0,399.4819581671555,59.157179882955695,0.11444842354985903,0.0,1.3641535873865278,"{""rand1"": 91, ""pbest"": 77, ""closure"": 0, ""local"": 121, ""consensus"": 71}"
WeldedBeam,4,DCAS-noClosure,8,400,1.0,1,1,1.975384606318832,0.0,395.8158293483318,60.07794770665906,0.12264865994845002,0.0,1.3374676854713485,"{""rand1"": 76, ""pbest"": 70, ""closure"": 0, ""local"": 141, ""consensus"": 73}"
WeldedBeam,4,DCAS-noClosure,9,400,1.0,1,2,2.1653905849996957,0.0,396.9592122156708,59.6126810120682,0.11200215480703805,0.0,1.3601255635483642,"{""rand1"": 70, ""pbest"": 97, ""closure"": 0, ""local"": 121, ""consensus"": 72}"
WeldedBeam,4,DCAS-noClosure,10,400,1.0,1,2,3.149353484105588,0.0,400.6710857732809,64.47139930593684,0.11318136859910857,0.12000000000000002,1.3474127085632142,"{""rand1"": 76, ""pbest"": 79, ""closure"": 0, ""local"": 135, ""consensus"": 70}"
WeldedBeam,4,DCAS-noClosure,11,400,1.0,1,13,2.068307580376245,0.0,399.7053221447494,59.45238885036081,0.11081815452346437,0.0,1.3527405772597252,"{""rand1"": 83, ""pbest"": 81, ""closure"": 0, ""local"": 130, ""consensus"": 66}"
WeldedBeam,4,DCAS-noClosure,12,400,1.0,1,6,2.3132362664824773,0.0,397.8631553153094,73.80387564956283,0.12204001507681181,0.0,1.3263185131140907,"{""rand1"": 70, ""pbest"": 79, ""closure"": 0, ""local"": 146, ""consensus"": 65}"
WeldedBeam,4,DCAS-noClosure,13,400,1.0,1,4,2.0149065934106143,0.0,395.51064173466267,66.83713060004527,0.11250280213051929,0.0,1.3572450461307008,"{""rand1"": 90, ""pbest"": 85, ""closure"": 0, ""local"": 123, ""consensus"": 62}"
WeldedBeam,4,DCAS-noClosure,14,400,1.0,1,1,4.214588633735979,0.0,397.6609296204767,50.7291766425645,0.10535640216487578,0.0,1.3760601310010951,"{""rand1"": 98, ""pbest"": 77, ""closure"": 0, ""local"": 107, ""consensus"": 78}"
WeldedBeam,4,DCAS-noClosure,15,400,1.0,1,3,2.027870725210485,0.0,395.98874956195465,62.395468292753705,0.1263192926511304,0.0,1.321949411966229,"{""rand1"": 69, ""pbest"": 79, ""closure"": 0, ""local"": 148, ""consensus"": 64}"
WeldedBeam,4,DCAS-noClosure,16,400,1.0,1,4,2.099393889747318,0.0,395.55779374672693,57.6460647768989,0.12044110322595251,0.0,1.3378097457506049,"{""rand1"": 84, ""pbest"": 77, ""closure"": 0, ""local"": 138, ""consensus"": 61}"
WeldedBeam,4,DCAS-noClosure,17,400,1.0,1,2,2.3295446643943887,0.0,396.2235711624877,52.32123196638262,0.12131097932104873,0.24,1.3474843981246976,"{""rand1"": 77, ""pbest"": 78, ""closure"": 0, ""local"": 135, ""consensus"": 70}"
WeldedBeam,4,DCAS-noClosure,18,400,1.0,1,8,2.371513883655924,0.0,397.44062351238443,56.30698991403492,0.10945474424217465,0.0,1.3621120259703918,"{""rand1"": 83, ""pbest"": 83, ""closure"": 0, ""local"": 124, ""consensus"": 70}"
WeldedBeam,4,DCAS-noClosure,19,400,1.0,1,2,2.092129620678943,0.0,397.23614432004246,61.745617598086376,0.1121656674914379,0.0,1.3630559941257692,"{""rand1"": 88, ""pbest"": 77, ""closure"": 0, ""local"": 123, ""consensus"": 72}"
WeldedBeam,4,DCAS-noClosure,20,400,1.0,1,9,2.1617148459812134,0.0,393.53440517907865,76.8180208043156,0.12338450754120238,0.0,1.3213165480785283,"{""rand1"": 86, ""pbest"": 73, ""closure"": 0, ""local"": 145, ""consensus"": 56}"
WeldedBeam,4,DCAS-noClosure,21,400,1.0,1,5,2.30615117678861,0.0,396.54306810297635,58.50123516707885,0.11508906833309848,0.22000000000000003,1.3521068040143276,"{""rand1"": 84, ""pbest"": 77, ""closure"": 0, ""local"": 131, ""consensus"": 68}"
WeldedBeam,4,DCAS-noClosure,22,400,1.0,1,2,2.2617186812680408,0.0,399.6087482289682,57.55534000023453,0.115817194817626,0.24,1.3336156276298923,"{""rand1"": 72, ""pbest"": 76, ""closure"": 0, ""local"": 143, ""consensus"": 69}"
WeldedBeam,4,DCAS-noClosure,23,400,1.0,1,5,3.190758924973156,0.0,398.81357551109045,61.9784375959092,0.12328738722217172,0.0,1.349177805245719,"{""rand1"": 80, ""pbest"": 74, ""closure"": 0, ""local"": 134, ""consensus"": 72}"
WeldedBeam,4,DCAS-noClosure,24,400,1.0,1,1,2.8719156764274327,0.0,394.03687336136824,65.47547490577767,0.12915587844260218,0.0,1.3339993190139539,"{""rand1"": 69, ""pbest"": 81, ""closure"": 0, ""local"": 142, ""consensus"": 68}"
WeldedBeam,4,DCAS-noClosure,25,400,1.0,1,3,2.687916483319422,0.0,396.70184410337055,63.889038711513926,0.11613943672107023,0.0,1.3557895834470866,"{""rand1"": 76, ""pbest"": 79, ""closure"": 0, ""local"": 130, ""consensus"": 75}"
WeldedBeam,4,DCAS-noClosure,26,400,1.0,1,5,2.1679282680825764,0.0,395.2630779071344,58.0406016345166,0.11429141687933568,0.0,1.3528485317869712,"{""rand1"": 72, ""pbest"": 90, ""closure"": 0, ""local"": 129, ""consensus"": 69}"
WeldedBeam,4,DCAS-noClosure,27,400,1.0,1,12,3.436855300600122,0.0,398.31329517327043,56.624725520023226,0.1159730306776261,0.3085714285714286,1.340469337085667,"{""rand1"": 64, ""pbest"": 89, ""closure"": 0, ""local"": 136, ""consensus"": 71}"
WeldedBeam,4,DCAS-noClosure,28,400,1.0,1,3,2.436714172218676,0.0,401.4489414810454,58.36301660165543,0.11735215328210528,0.0,1.3494943027248025,"{""rand1"": 98, ""pbest"": 68, ""closure"": 0, ""local"": 127, ""consensus"": 67}"
WeldedBeam,4,DCAS-noClosure,29,400,1.0,1,8,3.0463567125122246,0.0,398.94128259791324,58.08354783584838,0.10658874095850593,0.0,1.36817117460126,"{""rand1"": 73, ""pbest"": 91, ""closure"": 0, ""local"": 118, ""consensus"": 78}"
