kappa,problem,method,seed,success,first_feasible,best_f,final_ncv,declared_cost,structural_gain
1,Annulus10,DCAS,0,1,89,0.4191661738519132,0.0,399.2957344084484,72.9703514762797
1,Annulus10,DCAS,1,1,108,0.1741508893659156,0.0,400.91351649598823,71.42613596682577
1,Annulus10,DCAS,2,1,133,0.025399306385617854,0.0,401.4641522473024,72.2281204769173
1,Annulus10,UCB-Success,0,1,90,-0.10671037681902407,0.0,420.6068218938694,73.99158325826735
1,Annulus10,UCB-Success,1,1,174,0.24377450132500314,0.0,426.62628857345607,79.06215882757104
1,Annulus10,UCB-Success,2,1,116,0.02699043807030513,0.0,411.7298669865497,77.5335999266564
1,Annulus10,UCB-Violation,0,1,84,-0.010549524806292288,0.0,396.8985152905515,62.90589967796533
1,Annulus10,UCB-Violation,1,1,127,-0.18787596932477585,0.0,408.887184706983,72.78993267758102
1,Annulus10,UCB-Violation,2,1,104,0.9682473276212358,0.0,396.5319388893453,61.54216190943237
1,RotatedBox10,DCAS,0,1,202,5.652883212075119,0.0,403.0224358536246,48.42962176236742
1,RotatedBox10,DCAS,1,1,295,7.325462211682696,0.0,405.1529705366499,48.662874551916026
1,RotatedBox10,DCAS,2,1,169,4.744395380337221,0.0,402.0458450738895,55.172810627393275
1,RotatedBox10,UCB-Success,0,1,204,4.929050671041068,0.0,426.37024405705233,62.375067939590124
1,RotatedBox10,UCB-Success,1,1,166,4.117322457090627,0.0,414.667361948545,57.16334871099363
1,RotatedBox10,UCB-Success,2,1,149,5.5976364009453645,0.0,416.90305281617503,59.67887173315729
1,RotatedBox10,UCB-Violation,0,1,165,4.649996745067613,0.0,398.1327212134444,55.24404245181321
1,RotatedBox10,UCB-Violation,1,1,265,5.153281646350026,0.0,413.22473268148053,48.47749111375397
1,RotatedBox10,UCB-Violation,2,1,283,5.972288416756085,0.0,401.3683380191479,54.50915222290365
1,NarrowCorridor12,DCAS,0,1,140,1.3217326918865853,0.0,405.09965264723996,55.82543011513174
1,NarrowCorridor12,DCAS,1,1,59,1.4202101691532012,0.0,401.3244123035363,51.12331188317296
1,NarrowCorridor12,DCAS,2,1,142,1.0041218088757764,0.0,407.5122955833651,62.626191664127006
1,NarrowCorridor12,UCB-Success,0,1,124,0.7951859173615313,0.0,423.8174648508164,68.6930863747305
1,NarrowCorridor12,UCB-Success,1,1,184,1.2370718625163586,0.0,421.8424249470566,66.7393849791779
1,NarrowCorridor12,UCB-Success,2,1,142,1.2066910552132475,0.0,425.06303737234333,59.482344814101026
1,NarrowCorridor12,UCB-Violation,0,1,157,1.3373285017700627,0.0,410.9686413312938,55.50437394206041
1,NarrowCorridor12,UCB-Violation,1,1,101,1.1532099339428417,0.0,405.02731145623176,59.280918361789254
1,NarrowCorridor12,UCB-Violation,2,1,128,1.5185628976331362,0.0,397.977491984972,56.71470192119198
5,Annulus10,DCAS,0,1,134,0.4797918224147997,0.0,780.3230379204992,69.75392209126909
5,Annulus10,DCAS,1,1,134,0.08897041877275913,0.0,807.833896326937,67.53390696514359
5,Annulus10,DCAS,2,1,190,0.46930392077968824,0.0,790.7285646414427,65.21676329930662
5,Annulus10,UCB-Success,0,1,90,-0.10671037681902407,0.0,908.6068218938694,73.99158325826735
5,Annulus10,UCB-Success,1,1,174,0.24377450132500314,0.0,842.6262885734556,79.06215882757104
5,Annulus10,UCB-Success,2,1,116,0.02699043807030513,0.0,1071.729866986549,77.5335999266564
5,Annulus10,UCB-Violation,0,1,73,-0.10451611013561474,0.0,823.578513845859,62.9781474224381
5,Annulus10,UCB-Violation,1,1,124,0.20252580800216613,0.0,806.7955708263586,69.13607662801246
5,Annulus10,UCB-Violation,2,1,175,0.028381745294050992,0.0,775.6975619540088,63.10409196148175
5,RotatedBox10,DCAS,0,1,240,4.770478058665187,0.0,791.0345346327356,49.67789940168858
5,RotatedBox10,DCAS,1,1,242,7.182834628100518,0.0,792.768248209098,48.093209352092565
5,RotatedBox10,DCAS,2,1,265,6.33611570528859,0.0,775.2037221031611,48.56083319924276
5,RotatedBox10,UCB-Success,0,1,204,4.929050671041068,0.0,902.3702440570517,62.375067939590124
5,RotatedBox10,UCB-Success,1,1,166,4.117322457090627,0.0,930.667361948545,57.16334871099363
5,RotatedBox10,UCB-Success,2,1,149,5.5976364009453645,0.0,940.9030528161746,59.67887173315729
5,RotatedBox10,UCB-Violation,0,1,233,6.2121377029478175,0.0,755.3240037238905,51.74463127137592
5,RotatedBox10,UCB-Violation,1,1,200,5.244160101072033,0.0,766.8911803148557,48.44079790340252
5,RotatedBox10,UCB-Violation,2,1,245,7.533095013306426,0.0,735.474052193897,52.66997866687566
5,NarrowCorridor12,DCAS,0,1,92,1.281652352438834,0.0,862.0068242516893,50.32475995050842
5,NarrowCorridor12,DCAS,1,1,102,1.07292507431479,0.0,865.3124399388364,50.958364831605294
5,NarrowCorridor12,DCAS,2,1,170,1.6552145288988254,0.0,830.875177169556,51.421869276306474
5,NarrowCorridor12,UCB-Success,0,1,124,0.7951859173615313,0.0,859.8174648508158,68.6930863747305
5,NarrowCorridor12,UCB-Success,1,1,184,1.2370718625163586,0.0,901.8424249470557,66.7393849791779
5,NarrowCorridor12,UCB-Success,2,1,142,1.2066910552132475,0.0,873.0630373723435,59.482344814101026
5,NarrowCorridor12,UCB-Violation,0,1,87,1.0031314759746262,0.0,794.8057866711479,57.18911676398335
5,NarrowCorridor12,UCB-Violation,1,1,137,1.0029509834095487,0.0,780.4558683448066,53.000778174931334
5,NarrowCorridor12,UCB-Violation,2,1,137,1.0148350376197346,0.0,821.119685498971,58.6679623878844
10,Annulus10,DCAS,0,1,115,0.2998234023435303,0.0,1312.5050143150186,67.1266260391832
10,Annulus10,DCAS,1,1,147,0.11363590964605325,0.0,1223.5632870973468,61.654670613383594
10,Annulus10,DCAS,2,1,185,-0.2095393680447924,0.0,1187.4075007016422,63.51690310606707
10,Annulus10,UCB-Success,0,1,90,-0.10671037681902407,0.0,1518.606821893868,73.99158325826735
10,Annulus10,UCB-Success,1,1,174,0.24377450132500314,0.0,1362.6262885734554,79.06215882757104
10,Annulus10,UCB-Success,2,1,116,0.02699043807030513,0.0,1896.7298669865497,77.5335999266564
10,Annulus10,UCB-Violation,0,1,73,0.11502972351031227,0.0,1289.7260159714328,64.47483930667377
10,Annulus10,UCB-Violation,1,1,94,-0.11260833901889222,0.0,1245.2580316802078,64.37046016888617
10,Annulus10,UCB-Violation,2,1,108,-0.15716638569785735,0.0,1254.9867970075322,59.52816780964761
10,RotatedBox10,DCAS,0,1,263,7.504817306069692,0.0,1180.9770036448592,50.084046846075495
10,RotatedBox10,DCAS,1,1,226,6.219881895285035,0.0,1246.7503552310777,47.191853602337005
10,RotatedBox10,DCAS,2,1,241,5.349282775590183,0.0,1194.0911434951406,52.04838283881302
10,RotatedBox10,UCB-Success,0,1,204,4.929050671041068,0.0,1497.3702440570523,62.375067939590124
10,RotatedBox10,UCB-Success,1,1,166,4.117322457090627,0.0,1575.6673619485443,57.16334871099363
10,RotatedBox10,UCB-Success,2,1,149,5.5976364009453645,0.0,1595.903052816174,59.67887173315729
10,RotatedBox10,UCB-Violation,0,1,177,4.3267304298672,0.0,1206.809021604589,53.015170589295586
10,RotatedBox10,UCB-Violation,1,1,174,7.407093409842117,0.0,1171.4968776343746,47.579437220536306
10,RotatedBox10,UCB-Violation,2,1,216,8.104607487901143,0.0,1078.4986279565578,48.95155722786782
10,NarrowCorridor12,DCAS,0,1,116,1.1201124580255843,0.0,1297.8699563419489,58.265624492604076
10,NarrowCorridor12,DCAS,1,1,184,1.1320365340447713,0.0,1244.973484019777,57.957630696484195
10,NarrowCorridor12,DCAS,2,1,121,1.2757155834225498,0.0,1347.2068507896918,53.90970563988215
10,NarrowCorridor12,UCB-Success,0,1,124,0.7951859173615313,0.0,1404.8174648508164,68.6930863747305
10,NarrowCorridor12,UCB-Success,1,1,184,1.2370718625163586,0.0,1501.8424249470563,66.7393849791779
10,NarrowCorridor12,UCB-Success,2,1,142,1.2066910552132475,0.0,1433.0630373723434,59.482344814101026
10,NarrowCorridor12,UCB-Violation,0,1,146,1.2171813320240918,0.0,1237.6817319137172,55.56426396262975
10,NarrowCorridor12,UCB-Violation,1,1,111,1.2135549462058643,0.0,1238.158421977815,49.556059762781146
10,NarrowCorridor12,UCB-Violation,2,1,155,0.9019336378855181,0.0,1210.535314414419,57.66269652310013
50,Annulus10,DCAS,0,1,129,0.20835375995529318,0.0,5019.05963770911,59.34582835255003
50,Annulus10,DCAS,1,1,103,-0.02346124425007942,0.0,5161.962695136096,60.80837771044968
50,Annulus10,DCAS,2,1,100,0.2828914203132058,0.0,5016.286604837234,62.88485606351016
50,Annulus10,UCB-Success,0,1,90,-0.10671037681902407,0.0,6398.606821893864,73.99158325826735
50,Annulus10,UCB-Success,1,1,174,0.24377450132500314,0.0,5522.626288573454,79.06215882757104
50,Annulus10,UCB-Success,2,1,116,0.02699043807030513,0.0,8496.729866986552,77.5335999266564
50,Annulus10,UCB-Violation,0,1,73,0.27531696337332523,0.0,4974.14714159483,57.61115540788563
50,Annulus10,UCB-Violation,1,1,104,-0.08249204698712045,0.0,4874.214199876218,64.56232093356984
50,Annulus10,UCB-Violation,2,1,128,0.13748674213965906,0.0,4630.575760706616,67.97080516347424
50,RotatedBox10,DCAS,0,1,280,5.340156486743286,0.0,4287.528067632015,52.2304974637618
50,RotatedBox10,DCAS,1,1,277,6.186786452871647,0.0,4383.027645388569,45.680751601278814
50,RotatedBox10,DCAS,2,1,194,6.00665201163523,0.0,5210.226701917866,44.474569080749184
50,RotatedBox10,UCB-Success,0,1,204,4.929050671041068,0.0,6257.37024405705,62.375067939590124
50,RotatedBox10,UCB-Success,1,1,166,4.117322457090627,0.0,6735.667361948539,57.16334871099363
50,RotatedBox10,UCB-Success,2,1,149,5.5976364009453645,0.0,6835.903052816173,59.67887173315729
50,RotatedBox10,UCB-Violation,0,1,266,7.869659507233564,0.0,3850.0980759797085,50.152827770050514
50,RotatedBox10,UCB-Violation,1,1,212,7.512901369059017,0.0,4192.555858961669,47.9496871995404
50,RotatedBox10,UCB-Violation,2,1,216,5.144514286247837,0.0,3991.7560534745367,52.616326347209466
50,NarrowCorridor12,DCAS,0,1,139,1.0385621881695921,0.0,5267.716784451761,51.739288280333646
50,NarrowCorridor12,DCAS,1,1,86,1.2209410779716565,0.0,5557.129492754802,49.92071806438777
50,NarrowCorridor12,DCAS,2,1,100,0.9734315928234989,0.0,5314.316070344995,53.41735072301023
50,NarrowCorridor12,UCB-Success,0,1,124,0.7951859173615313,0.0,5764.8174648508175,68.6930863747305
50,NarrowCorridor12,UCB-Success,1,1,184,1.2370718625163586,0.0,6301.842424947064,66.7393849791779
50,NarrowCorridor12,UCB-Success,2,1,142,1.2066910552132475,0.0,5913.063037372338,59.482344814101026
50,NarrowCorridor12,UCB-Violation,0,1,101,0.9841986446986104,0.0,4878.613256645007,48.96993169361248
50,NarrowCorridor12,UCB-Violation,1,1,158,1.2143470867959927,0.0,4489.143253142363,57.05245902937301
50,NarrowCorridor12,UCB-Violation,2,1,138,0.9789073844675886,0.0,4634.186934675957,53.45277213914968
