problem,family,dim,method,seed,budget,success,first_feasible,best_f,final_ncv,elapsed_sec
LargeChain100,chain,100,DCAS-DE,0,600,1,564,18.139936297008155,0.0,0.1401859270008572
LargeChain100,chain,100,DCAS-DE,1,600,1,529,17.754717307934875,0.0,0.145994870999857
LargeChain100,chain,100,DCAS-DE,2,600,0,601,inf,0.0003749016312148,0.1229422320011508
LargeChain100,chain,100,DCAS-DE,3,600,0,601,inf,0.0554980057208216,0.1316078340005333
LargeChain100,chain,100,DCAS-DE,4,600,0,601,inf,0.0639629128395056,0.148212231000798
LargeChain100,chain,100,DCAS-DE,5,600,1,471,21.81865961504737,0.0,0.1511021019996405
LargeChain100,chain,100,DCAS-DE,6,600,0,601,inf,0.0144317144029187,0.1368170490004558
LargeChain100,chain,100,DCAS-DE,7,600,1,555,33.63180849024537,0.0,0.1586824669993802
LargeChain100,chain,100,DCAS-DE,8,600,0,601,inf,0.0180365427927079,0.1418167409992747
LargeChain100,chain,100,DCAS-DE,9,600,1,553,21.25597461152399,0.0,0.136966025998845
LargeChain100,chain,100,DCAS-PSO,0,600,1,570,34.87298297865546,0.0,0.1591109580003831
LargeChain100,chain,100,DCAS-PSO,1,600,1,500,19.995012246953667,0.0,0.1714358339995669
LargeChain100,chain,100,DCAS-PSO,2,600,0,601,inf,0.0716642360528007,0.2580456800005777
LargeChain100,chain,100,DCAS-PSO,3,600,1,576,35.00110053468205,0.0,0.236637657000756
LargeChain100,chain,100,DCAS-PSO,4,600,0,601,inf,0.0259357834766822,0.21861891700064
LargeChain100,chain,100,DCAS-PSO,5,600,1,493,32.44489325807152,0.0,0.1949778580001293
LargeChain100,chain,100,DCAS-PSO,6,600,1,541,25.36338077546532,0.0,0.1886730170008377
LargeChain100,chain,100,DCAS-PSO,7,600,0,601,inf,0.0205321039050785,0.1609243240000069
LargeChain100,chain,100,DCAS-PSO,8,600,1,408,29.12794228593609,0.0,0.1727324430012231
LargeChain100,chain,100,DCAS-PSO,9,600,0,601,inf,0.0302242997220781,0.1493684390006819
LargeChain100,chain,100,JADE-NCV,0,600,0,601,inf,1.302273022710431,0.0572275429985893
LargeChain100,chain,100,JADE-NCV,1,600,0,601,inf,0.7504329786456736,0.0519250779998401
LargeChain100,chain,100,JADE-NCV,2,600,0,601,inf,0.6102785499347261,0.0581012790007662
LargeChain100,chain,100,JADE-NCV,3,600,0,601,inf,1.4011963598455914,0.0572963340000569
LargeChain100,chain,100,JADE-NCV,4,600,0,601,inf,0.5360592130860616,0.0591279079999367
LargeChain100,chain,100,JADE-NCV,5,600,0,601,inf,1.32837555986429,0.0560897539999132
LargeChain100,chain,100,JADE-NCV,6,600,0,601,inf,0.9166672699836742,0.0514153990006889
LargeChain100,chain,100,JADE-NCV,7,600,0,601,inf,0.9547948337724343,0.0518288029998075
LargeChain100,chain,100,JADE-NCV,8,600,0,601,inf,0.5635174622404959,0.0545931409997137
LargeChain100,chain,100,JADE-NCV,9,600,0,601,inf,0.2953694062502998,0.0561936480007716
LargeChain100,chain,100,PSO,0,600,0,601,inf,0.1052697238775774,0.0277221150008699
LargeChain100,chain,100,PSO,1,600,0,601,inf,0.3660438111965812,0.0486673189989232
LargeChain100,chain,100,PSO,2,600,0,601,inf,0.2262956880768929,0.0384228669990989
LargeChain100,chain,100,PSO,3,600,0,601,inf,0.3447825251171552,0.0303151269999943
LargeChain100,chain,100,PSO,4,600,0,601,inf,0.3189151662006805,0.0307041940013732
LargeChain100,chain,100,PSO,5,600,0,601,inf,0.4723713014456429,0.0409641300011571
LargeChain100,chain,100,PSO,6,600,0,601,inf,0.3186590178324349,0.0349316009996982
LargeChain100,chain,100,PSO,7,600,0,601,inf,0.3001141579256921,0.0375540880013431
LargeChain100,chain,100,PSO,8,600,0,601,inf,0.7665834078935525,0.0283940469998924
LargeChain100,chain,100,PSO,9,600,0,601,inf,0.2563342888071463,0.02629227000034
LargeShell100,shell,100,DCAS-DE,0,600,1,45,0.0942970596300963,0.0,0.3455441620008059
LargeShell100,shell,100,DCAS-DE,1,600,1,45,0.0890973823877922,0.0,0.3446341179987939
LargeShell100,shell,100,DCAS-DE,2,600,1,44,0.0858682871501247,0.0,0.307471883999824
LargeShell100,shell,100,DCAS-DE,3,600,1,50,0.0987500458148614,0.0,0.2880923569991864
LargeShell100,shell,100,DCAS-DE,4,600,1,45,0.085533743614552,0.0,0.31720506900092
LargeShell100,shell,100,DCAS-DE,5,600,1,50,0.0870218292540499,0.0,0.3079793910001172
LargeShell100,shell,100,DCAS-DE,6,600,1,12,0.0854533276217086,0.0,0.2935362230000464
LargeShell100,shell,100,DCAS-DE,7,600,1,44,0.089171775308574,0.0,0.3022157520008477
LargeShell100,shell,100,DCAS-DE,8,600,1,56,0.0910088446878369,0.0,0.3047238580002158
LargeShell100,shell,100,DCAS-DE,9,600,1,44,0.0853860268054073,0.0,0.3107086029995116
LargeShell100,shell,100,DCAS-PSO,0,600,1,41,0.0956505722344068,0.0,0.30378262999875
LargeShell100,shell,100,DCAS-PSO,1,600,1,41,0.096193449523285,0.0,0.3135309460012649
LargeShell100,shell,100,DCAS-PSO,2,600,1,41,0.1049748729322976,0.0,0.3284848099992814
LargeShell100,shell,100,DCAS-PSO,3,600,1,41,0.1362059025575351,0.0,0.3154591649999929
LargeShell100,shell,100,DCAS-PSO,4,600,1,42,0.0928828101825015,0.0,0.322751136000079
LargeShell100,shell,100,DCAS-PSO,5,600,1,47,0.0859140273601872,0.0,0.3232134649988438
LargeShell100,shell,100,DCAS-PSO,6,600,1,12,0.1153291577868631,0.0,0.3576837939999677
LargeShell100,shell,100,DCAS-PSO,7,600,1,41,0.0954275438828152,0.0,0.3562496559989085
LargeShell100,shell,100,DCAS-PSO,8,600,1,42,0.0943118602583128,0.0,0.3431423359998007
LargeShell100,shell,100,DCAS-PSO,9,600,1,41,0.0939262596014189,0.0,0.3278244089997315
LargeShell100,shell,100,JADE-NCV,0,600,1,90,0.262923683426541,0.0,0.056252989999848
LargeShell100,shell,100,JADE-NCV,1,600,1,41,0.2099268818942292,0.0,0.0739585810006246
LargeShell100,shell,100,JADE-NCV,2,600,1,169,0.2301656116213951,0.0,0.0657451269999001
LargeShell100,shell,100,JADE-NCV,3,600,1,121,0.2128801720006412,0.0,0.0829433609997067
LargeShell100,shell,100,JADE-NCV,4,600,1,91,0.2242673973737005,0.0,0.0685967939989495
LargeShell100,shell,100,JADE-NCV,5,600,1,54,0.2712457828699042,0.0,0.0662198560003162
LargeShell100,shell,100,JADE-NCV,6,600,1,12,0.2171229643645827,0.0,0.0802196940003341
LargeShell100,shell,100,JADE-NCV,7,600,1,54,0.2235219908739996,0.0,0.085815452001043
LargeShell100,shell,100,JADE-NCV,8,600,1,83,0.212699496152787,0.0,0.0605984180001542
LargeShell100,shell,100,JADE-NCV,9,600,1,48,0.2357509463282413,0.0,0.0642156680005427
LargeShell100,shell,100,PSO,0,600,1,41,0.2416588601745557,0.0,0.0346265040006983
LargeShell100,shell,100,PSO,1,600,1,41,0.1951728192874203,0.0,0.0294177479991049
LargeShell100,shell,100,PSO,2,600,1,41,0.1691742664081673,0.0,0.0305137100003776
LargeShell100,shell,100,PSO,3,600,1,41,0.2389677943135054,0.0,0.029482921001545
LargeShell100,shell,100,PSO,4,600,1,42,0.1876374857352921,0.0,0.0279305940002814
LargeShell100,shell,100,PSO,5,600,1,50,0.1882637220115588,0.0,0.0298465830001077
LargeShell100,shell,100,PSO,6,600,1,12,0.1884498036454135,0.0,0.0290077009995002
LargeShell100,shell,100,PSO,7,600,1,41,0.2018505830370698,0.0,0.0352374260000942
LargeShell100,shell,100,PSO,8,600,1,42,0.2015393981296012,0.0,0.029972006999742
LargeShell100,shell,100,PSO,9,600,1,41,0.2160668899210995,0.0,0.0316939299991645
LargeChain500,chain,500,DCAS-DE,0,600,0,601,inf,8.639262814983587,0.4402180159995623
LargeChain500,chain,500,DCAS-DE,1,600,0,601,inf,4.55910122816336,0.4549981759992079
LargeChain500,chain,500,DCAS-DE,2,600,0,601,inf,6.211353058499654,0.3344316269995033
LargeChain500,chain,500,DCAS-DE,3,600,0,601,inf,3.4898380131537183,0.2880407070006185
LargeChain500,chain,500,DCAS-DE,4,600,0,601,inf,3.580525237867432,0.3177955350001866
LargeChain500,chain,500,DCAS-DE,5,600,0,601,inf,3.943666999796688,0.4298652069992386
LargeChain500,chain,500,DCAS-DE,6,600,0,601,inf,3.325795411155691,0.4761704620013915
LargeChain500,chain,500,DCAS-DE,7,600,0,601,inf,4.045258495865526,0.7741790220006806
LargeChain500,chain,500,DCAS-DE,8,600,0,601,inf,5.90004059069441,0.3908150469997054
LargeChain500,chain,500,DCAS-DE,9,600,0,601,inf,2.8237426144024025,0.2703577159991255
LargeChain500,chain,500,DCAS-PSO,0,600,0,601,inf,7.466610873355998,0.2770451369997317
LargeChain500,chain,500,DCAS-PSO,1,600,0,601,inf,6.881857040793374,0.2725095799996779
LargeChain500,chain,500,DCAS-PSO,2,600,0,601,inf,5.067529368658997,0.2709592829996836
LargeChain500,chain,500,DCAS-PSO,3,600,0,601,inf,3.1508664411055696,0.250372934000552
LargeChain500,chain,500,DCAS-PSO,4,600,0,601,inf,4.328680772157317,0.2666369840007974
LargeChain500,chain,500,DCAS-PSO,5,600,0,601,inf,4.995015156940925,0.2607993300007365
LargeChain500,chain,500,DCAS-PSO,6,600,0,601,inf,4.96144342148701,0.2757383499993011
LargeChain500,chain,500,DCAS-PSO,7,600,0,601,inf,5.657576767274207,0.2641720489991712
LargeChain500,chain,500,DCAS-PSO,8,600,0,601,inf,4.711301126430721,0.2652953960005106
LargeChain500,chain,500,DCAS-PSO,9,600,0,601,inf,4.972319807065318,0.3393227849992399
LargeChain500,chain,500,JADE-NCV,0,600,0,601,inf,19.686564090763422,0.1029513379999116
LargeChain500,chain,500,JADE-NCV,1,600,0,601,inf,15.624060420932684,0.0908028309986548
LargeChain500,chain,500,JADE-NCV,2,600,0,601,inf,16.545763105102573,0.094025058000625
LargeChain500,chain,500,JADE-NCV,3,600,0,601,inf,16.724016199156466,0.1039875220012618
LargeChain500,chain,500,JADE-NCV,4,600,0,601,inf,17.47682137964315,0.074938015999578
LargeChain500,chain,500,JADE-NCV,5,600,0,601,inf,19.19111635522407,0.0887746469998091
LargeChain500,chain,500,JADE-NCV,6,600,0,601,inf,17.407963699035573,0.0786207950004609
LargeChain500,chain,500,JADE-NCV,7,600,0,601,inf,17.95563469903611,0.0755690930000128
LargeChain500,chain,500,JADE-NCV,8,600,0,601,inf,20.02143174745819,0.0879586430000927
LargeChain500,chain,500,JADE-NCV,9,600,0,601,inf,15.914035460366172,0.0904340750003029
LargeChain500,chain,500,PSO,0,600,0,601,inf,18.34053703699045,0.0331576230000791
LargeChain500,chain,500,PSO,1,600,0,601,inf,17.80328655066723,0.0571092159989348
LargeChain500,chain,500,PSO,2,600,0,601,inf,17.578141256685452,0.0369153179999557
LargeChain500,chain,500,PSO,3,600,0,601,inf,16.75987714488924,0.0665988900000229
LargeChain500,chain,500,PSO,4,600,0,601,inf,17.820931169362872,0.0332311370002571
LargeChain500,chain,500,PSO,5,600,0,601,inf,17.860305563051863,0.0502252819987916
LargeChain500,chain,500,PSO,6,600,0,601,inf,19.94863825370118,0.0377152549990569
LargeChain500,chain,500,PSO,7,600,0,601,inf,17.472331441215182,0.0476564340006007
LargeChain500,chain,500,PSO,8,600,0,601,inf,20.87262657313663,0.0424866169996676
LargeChain500,chain,500,PSO,9,600,0,601,inf,18.912202884660694,0.0317090940006892
LargeShell500,shell,500,DCAS-DE,0,600,1,51,0.122988754695337,0.0,0.8522606369988353
LargeShell500,shell,500,DCAS-DE,1,600,1,61,0.1403669448498974,0.0,0.7482209169993439
LargeShell500,shell,500,DCAS-DE,2,600,1,45,0.1002745849295995,0.0,0.7678411599990795
LargeShell500,shell,500,DCAS-DE,3,600,1,66,0.1270593354036576,0.0,0.739805574001366
LargeShell500,shell,500,DCAS-DE,4,600,1,57,0.1573136551533981,0.0,0.6940600610014371
LargeShell500,shell,500,DCAS-DE,5,600,1,53,0.1290708516482577,0.0,0.6733610249993944
LargeShell500,shell,500,DCAS-DE,6,600,1,49,0.1159760685220184,0.0,0.7117855519991281
LargeShell500,shell,500,DCAS-DE,7,600,1,44,0.0960460358700467,0.0,0.7266576010006247
LargeShell500,shell,500,DCAS-DE,8,600,1,44,0.1110093030740254,0.0,0.8006546220003656
LargeShell500,shell,500,DCAS-DE,9,600,1,50,0.1374583229648195,0.0,0.5789023729994369
LargeShell500,shell,500,DCAS-PSO,0,600,1,41,0.1578439970813687,0.0,0.5799410300005547
LargeShell500,shell,500,DCAS-PSO,1,600,1,42,0.1606341425835728,0.0,0.5470972710008937
LargeShell500,shell,500,DCAS-PSO,2,600,1,41,0.1301733648294991,0.0,0.5756524080006784
LargeShell500,shell,500,DCAS-PSO,3,600,1,42,0.174966602336775,0.0,0.6862917599992215
LargeShell500,shell,500,DCAS-PSO,4,600,1,41,0.1568830064942917,0.0,0.6017435739995562
LargeShell500,shell,500,DCAS-PSO,5,600,1,43,0.1955379117078076,0.0,0.7096304259994213
LargeShell500,shell,500,DCAS-PSO,6,600,1,41,0.1612676673765766,0.0,0.961411539999972
LargeShell500,shell,500,DCAS-PSO,7,600,1,41,0.1491571835486838,0.0,0.6588436199999705
LargeShell500,shell,500,DCAS-PSO,8,600,1,43,0.1543087391893339,0.0,0.7285869339993951
LargeShell500,shell,500,DCAS-PSO,9,600,1,43,0.149177410827632,0.0,0.6020964580002328
LargeShell500,shell,500,JADE-NCV,0,600,1,111,0.3110819615222698,0.0,0.0733909080008743
LargeShell500,shell,500,JADE-NCV,1,600,1,89,0.314672106039551,0.0,0.0678893339991191
LargeShell500,shell,500,JADE-NCV,2,600,1,190,0.3099705020772323,0.0,0.0695843189987499
LargeShell500,shell,500,JADE-NCV,3,600,1,146,0.3095546631485316,0.0,0.07710982700155
LargeShell500,shell,500,JADE-NCV,4,600,1,140,0.2770795154491762,0.0,0.0744768979984655
LargeShell500,shell,500,JADE-NCV,5,600,1,142,0.3087567034928859,0.0,0.0705045000013342
LargeShell500,shell,500,JADE-NCV,6,600,1,109,0.2913031704307725,0.0,0.0691133290001744
LargeShell500,shell,500,JADE-NCV,7,600,1,222,0.2955049409315585,0.0,0.0709503840007528
LargeShell500,shell,500,JADE-NCV,8,600,1,108,0.2884248026666852,0.0,0.0706233310011157
LargeShell500,shell,500,JADE-NCV,9,600,1,122,0.2713673188626242,0.0,0.0704844470001262
LargeShell500,shell,500,PSO,0,600,1,41,0.3500129636081786,0.0,0.0507132540005841
LargeShell500,shell,500,PSO,1,600,1,42,0.3247559216382585,0.0,0.0410835409984429
LargeShell500,shell,500,PSO,2,600,1,42,0.3216787632670005,0.0,0.0495903239989274
LargeShell500,shell,500,PSO,3,600,1,43,0.3097892900171717,0.0,0.0445023029988078
LargeShell500,shell,500,PSO,4,600,1,41,0.3178992372317247,0.0,0.0403871280013845
LargeShell500,shell,500,PSO,5,600,1,43,0.289628732727662,0.0,0.0378028020004421
LargeShell500,shell,500,PSO,6,600,1,41,0.3533741704006659,0.0,0.0431506850000005
LargeShell500,shell,500,PSO,7,600,1,41,0.3390426584048562,0.0,0.0444299840000894
LargeShell500,shell,500,PSO,8,600,1,43,0.3483144896129174,0.0,0.0429089709996333
LargeShell500,shell,500,PSO,9,600,1,42,0.2973944096544074,0.0,0.042557566999676
LargeChain1000,chain,1000,DCAS-DE,0,600,0,601,inf,8.041585179163116,0.2352652359986677
LargeChain1000,chain,1000,DCAS-DE,1,600,0,601,inf,9.628589108340655,0.2318112100001599
LargeChain1000,chain,1000,DCAS-DE,2,600,0,601,inf,9.437700265526964,0.2396561719997407
LargeChain1000,chain,1000,DCAS-DE,3,600,0,601,inf,9.56147314423789,0.2292476049988181
LargeChain1000,chain,1000,DCAS-DE,4,600,0,601,inf,10.00670657014226,0.2316243149998627
LargeChain1000,chain,1000,DCAS-DE,5,600,0,601,inf,8.729250995157694,0.2318275369998446
LargeChain1000,chain,1000,DCAS-DE,6,600,0,601,inf,8.510639411707619,0.2255333159992005
LargeChain1000,chain,1000,DCAS-DE,7,600,0,601,inf,10.495213228594634,0.2272064789995056
LargeChain1000,chain,1000,DCAS-DE,8,600,0,601,inf,10.444889705506808,0.2123487409990048
LargeChain1000,chain,1000,DCAS-DE,9,600,0,601,inf,8.792780857944598,0.2199567060015397
LargeChain1000,chain,1000,DCAS-PSO,0,600,0,601,inf,12.1115185059687,0.2711790639987157
LargeChain1000,chain,1000,DCAS-PSO,1,600,0,601,inf,16.368397252375324,0.2358534760005568
LargeChain1000,chain,1000,DCAS-PSO,2,600,0,601,inf,13.099016787235811,0.2352361979992565
LargeChain1000,chain,1000,DCAS-PSO,3,600,0,601,inf,7.879598106102213,0.2395076159991731
LargeChain1000,chain,1000,DCAS-PSO,4,600,0,601,inf,13.481682599892393,0.2445117639999807
LargeChain1000,chain,1000,DCAS-PSO,5,600,0,601,inf,14.812718334781186,0.2349705050000921
LargeChain1000,chain,1000,DCAS-PSO,6,600,0,601,inf,10.912834614443776,0.2298730900001828
LargeChain1000,chain,1000,DCAS-PSO,7,600,0,601,inf,17.941513354132972,0.2292767280014231
LargeChain1000,chain,1000,DCAS-PSO,8,600,0,601,inf,16.007451372070264,0.2449140939988865
LargeChain1000,chain,1000,DCAS-PSO,9,600,0,601,inf,9.107886636380709,0.2323731969991058
LargeChain1000,chain,1000,JADE-NCV,0,600,0,601,inf,43.00377467684568,0.0677723870012414
LargeChain1000,chain,1000,JADE-NCV,1,600,0,601,inf,41.57903890215044,0.0681232090009871
LargeChain1000,chain,1000,JADE-NCV,2,600,0,601,inf,38.64346147316944,0.0702071499999874
LargeChain1000,chain,1000,JADE-NCV,3,600,0,601,inf,40.7352381433629,0.0630812920007883
LargeChain1000,chain,1000,JADE-NCV,4,600,0,601,inf,46.85451002867803,0.0677279370011092
LargeChain1000,chain,1000,JADE-NCV,5,600,0,601,inf,43.80726819204509,0.0671611479992861
LargeChain1000,chain,1000,JADE-NCV,6,600,0,601,inf,41.29757520831132,0.0628409669989196
LargeChain1000,chain,1000,JADE-NCV,7,600,0,601,inf,41.5094386294566,0.0627419149986963
LargeChain1000,chain,1000,JADE-NCV,8,600,0,601,inf,38.3675439390315,0.0630846370004292
LargeChain1000,chain,1000,JADE-NCV,9,600,0,601,inf,43.19761545498465,0.0638681450000149
LargeChain1000,chain,1000,PSO,0,600,0,601,inf,52.2981152514424,0.0398735469989333
LargeChain1000,chain,1000,PSO,1,600,0,601,inf,51.81709625026431,0.0405776280003919
LargeChain1000,chain,1000,PSO,2,600,0,601,inf,43.17849201181622,0.0397195019995706
LargeChain1000,chain,1000,PSO,3,600,0,601,inf,42.01509673349942,0.044313983999018
LargeChain1000,chain,1000,PSO,4,600,0,601,inf,44.15213868988607,0.0398949089994857
LargeChain1000,chain,1000,PSO,5,600,0,601,inf,46.31792437107549,0.0407607950000965
LargeChain1000,chain,1000,PSO,6,600,0,601,inf,42.01850284686459,0.0404920099990704
LargeChain1000,chain,1000,PSO,7,600,0,601,inf,49.6588631050844,0.038044880999223
LargeChain1000,chain,1000,PSO,8,600,0,601,inf,46.202445919182246,0.0428518810003879
LargeChain1000,chain,1000,PSO,9,600,0,601,inf,50.96962327727162,0.0408866800007672
LargeShell1000,shell,1000,DCAS-DE,0,600,1,55,0.1415703414192154,0.0,0.7543015270002797
LargeShell1000,shell,1000,DCAS-DE,1,600,1,60,0.1587147655677426,0.0,0.7592014040001231
LargeShell1000,shell,1000,DCAS-DE,2,600,1,55,0.1363962457739845,0.0,0.7434002009995311
LargeShell1000,shell,1000,DCAS-DE,3,600,1,59,0.1452894109169696,0.0,0.7140044750012748
LargeShell1000,shell,1000,DCAS-DE,4,600,1,67,0.1634099341575485,0.0,1.0263461020003888
LargeShell1000,shell,1000,DCAS-DE,5,600,1,55,0.1916438959460706,0.0,0.8229972829994949
LargeShell1000,shell,1000,DCAS-DE,6,600,1,56,0.1670004763661451,0.0,0.7470391670012759
LargeShell1000,shell,1000,DCAS-DE,7,600,1,44,0.1256159948591882,0.0,0.8116919820004114
LargeShell1000,shell,1000,DCAS-DE,8,600,1,45,0.1570297188670378,0.0,0.8131038299998181
LargeShell1000,shell,1000,DCAS-DE,9,600,1,49,0.13320414710357,0.0,0.8257509019986173
LargeShell1000,shell,1000,DCAS-PSO,0,600,1,41,0.167336450550055,0.0,0.8616755210005067
LargeShell1000,shell,1000,DCAS-PSO,1,600,1,41,0.2095442088605757,0.0,0.7760476109997398
LargeShell1000,shell,1000,DCAS-PSO,2,600,1,43,0.1557599253962451,0.0,0.7677831689998129
LargeShell1000,shell,1000,DCAS-PSO,3,600,1,59,0.2110686625163299,0.0,0.7635044250000647
LargeShell1000,shell,1000,DCAS-PSO,4,600,1,41,0.172287906835028,0.0,0.8058668009998655
LargeShell1000,shell,1000,DCAS-PSO,5,600,1,47,0.2822292585215163,0.0,0.7987953369993193
LargeShell1000,shell,1000,DCAS-PSO,6,600,1,45,0.1921474262191328,0.0,3.2370715369997924
LargeShell1000,shell,1000,DCAS-PSO,7,600,1,41,0.1635626099292667,0.0,1.1831789180014312
LargeShell1000,shell,1000,DCAS-PSO,8,600,1,45,0.1536485430860728,0.0,1.4762525639998785
LargeShell1000,shell,1000,DCAS-PSO,9,600,1,43,0.171030049872232,0.0,1.5922270419996494
LargeShell1000,shell,1000,JADE-NCV,0,600,1,157,0.3470397192376516,0.0,0.0774192779990698
LargeShell1000,shell,1000,JADE-NCV,1,600,1,164,0.3264717129945333,0.0,0.0785190759997931
LargeShell1000,shell,1000,JADE-NCV,2,600,1,100,0.3099495293777109,0.0,0.0814108550002856
LargeShell1000,shell,1000,JADE-NCV,3,600,1,267,0.3180012555813784,0.0,0.0741522990010707
LargeShell1000,shell,1000,JADE-NCV,4,600,1,137,0.3280183820626106,0.0,0.075276389999999
LargeShell1000,shell,1000,JADE-NCV,5,600,1,255,0.3104269947544786,0.0,0.0848816449997684
LargeShell1000,shell,1000,JADE-NCV,6,600,1,205,0.3228280748997251,0.0,0.0756422399990697
LargeShell1000,shell,1000,JADE-NCV,7,600,1,180,0.2851375246399214,0.0,0.0701886370006832
LargeShell1000,shell,1000,JADE-NCV,8,600,1,183,0.2717346044162771,0.0,0.0790451129996654
LargeShell1000,shell,1000,JADE-NCV,9,600,1,194,0.3231512116050941,0.0,0.0942699940005695
LargeShell1000,shell,1000,PSO,0,600,1,41,0.3502998241999745,0.0,0.0499678420001146
LargeShell1000,shell,1000,PSO,1,600,1,46,0.3451162458775573,0.0,0.0525055130001419
LargeShell1000,shell,1000,PSO,2,600,1,43,0.3932567355109206,0.0,0.0480381899997155
LargeShell1000,shell,1000,PSO,3,600,1,57,0.373324068895616,0.0,0.0513729899994359
LargeShell1000,shell,1000,PSO,4,600,1,41,0.3463944431327715,0.0,0.0509463800008234
LargeShell1000,shell,1000,PSO,5,600,1,47,0.3923415929494065,0.0,0.0738737409992609
LargeShell1000,shell,1000,PSO,6,600,1,45,0.3751950331846362,0.0,0.082996164999713
LargeShell1000,shell,1000,PSO,7,600,1,43,0.3573447213404448,0.0,0.0907768559991382
LargeShell1000,shell,1000,PSO,8,600,1,44,0.3657744835508031,0.0,0.0570628000004944
LargeShell1000,shell,1000,PSO,9,600,1,43,0.3569866241434899,0.0,0.0525202239987265
